cycle_id,average_growth_rate
3458,0.28203796203796205
3459,0.2826766091051805
4038,0.27648083623693387
4039,0.25143019715190834
4044,0.26491331160890746
4045,0.2583863995399533
4046,0.2608340989761317
4047,0.24680751214585478
4048,0.24161736808360154
4181,0.2599999999999999
4233,0.15000000000000005
4238,0.3785584415584416
4239,0.28874025974025974
4241,0.33442857142857146
4309,0.4726865671641789
4442,0.20296222266640013
4446,0.14868447751099093
4514,0.17499999999999996
4515,0.11111111111111109
4551,0.14250000000000002
4750,0.2778557033454253
4751,0.27512293430068524
4887,0.28235294117647053
4938,0.1602489019033675
4946,0.2722098214285714
5222,0.2992456532034368
5223,0.25198104341628486
5253,0.3560394819867192
5258,0.3770914335506745
5435,0.36428571428571427
5437,0.3228571428571429
5438,0.3847142857142856
5439,0.38171428571428556
5441,0.2992857142857143
5442,0.34999999999999987
5487,0.38173293571901906
5677,0.46786789485508856
5731,0.19729040286203153
5902,0.3414701056301918
5903,0.3449595141700405
5918,0.3554003139717425
5919,0.3838367346938774
5920,0.3137412587412588
5921,0.3100749250749251
6126,0.42571428571428577
6319,0.3358335019219098
6627,0.10122047244094487
6628,0.23571428571428574
6952,0.09450549450549449
7156,0.08333333333333331
7273,0.19172779136104315
7276,0.19172779136104315
7277,0.21570680628272246
7289,0.21570680628272246
7293,0.21570680628272246
7303,0.21570680628272246
7605,0.12564285714285717
7606,0.17911801242236033
7615,0.2353986710963455
7616,0.20071601941747566
7617,0.15730897009966777
7622,0.2925720351835001
7876,0.31398809618410406
7897,0.10421052631578949
7991,0.42284695696460406
7992,0.43589508530685
7993,0.4490816326530615
7995,0.36977463712757824
7996,0.43387955182072824
7997,0.36399999999999993
7998,0.4471601419660142
7999,0.47130888719124026
8000,0.4429921059332824
8004,0.393079171590273
8005,0.4170046082949308
8006,0.391597510373444
8007,0.44820792079207916
8008,0.3053190954773869
8010,0.45391939797251074
8011,0.4717071957211269
8012,0.4549731182795698
8013,0.501486220472441
8014,0.46066398243045376
8092,0.14999999999999994
8259,0.12760714285714284
8265,0.09128571428571432
8266,0.16684905660377367
8292,0.3774193548387097
8293,0.29395604395604397
8475,0.08708955223880598
8578,0.27368421052631586
8716,0.11999999999999997
8985,0.4638777944640096
9090,0.21499679820699594
9091,0.23264167934043065
9093,0.20718422316497245
9094,0.2302359321219883
9095,0.2321035780036821
9096,0.26688525574321625
9097,0.250485471864244
9098,0.21524013447530616
9100,0.21771892259665412
9101,0.23846734171135842
9102,0.2937659381806614
9103,0.29332444139888897
9104,0.3116056875749492
9105,0.2463378282469838
9106,0.24871956144000396
9399,0.018585144012127342
9545,0.36160000000000003
9877,0.106
9921,0.15868421052631584
9989,0.18481368044920884
9993,0.25959183673469394
9998,0.2876963350785339
10000,0.2666666666666667
10004,0.5500000000000002
10005,0.11428571428571425
10009,0.14999999999999988
10010,0.32793326814959667
10027,0.07857142857142858
10031,0.19130742049469954
10042,0.1333333333333334
10043,0.11166666666666679
10044,0.31752732076378043
10046,0.32942955920484013
10070,0.38599298072552884
10071,0.4255649150410986
10072,0.399857225729782
10191,0.2738691588785047
10195,0.4208847659891852
10196,0.36466888104629436
10197,0.35042065868263483
10198,0.1869278717720392
10200,0.2470102988691438
10201,0.253061224489796
10203,0.28699063231850125
10241,0.2566015157558835
10242,0.3542925905468319
10258,0.18928571428571428
10358,0.10454545454545452
10366,0.310983254231217
10367,0.2224579560155241
10400,0.3555714285714285
10408,0.12696428571428567
10414,0.25852713178294573
10703,0.3113050314465408
10704,0.30961451588616173
10705,0.30570697184159
10706,0.263424183104954
10710,0.2799108853967036
10711,0.3016404752778842
10712,0.2517161747796089
10713,0.28142391720965865
10714,0.2978692967926518
10718,0.2839022862511745
10719,0.2829185867895547
10737,0.24259259259259253
10759,0.33038160469667327
10763,0.3302531645569619
10764,0.20400000000000007
10771,0.27419974155436594
10772,0.2995865764961082
10984,0.3226530612244899
11017,0.2929617575264443
11042,0.27716535433070866
11044,0.1132911392405063
11080,0.19999999999999998
11081,0.12115183246073304
11149,0.5999999999999999
11168,0.3370118918918918
11225,0.14463146889702042
11304,0.06651741293532336
11317,0.21469104665825983
11338,0.22692307692307692
11339,0.17512820512820515
11340,0.2723775172828373
11341,0.3781938325991188
11342,0.38571428571428557
11345,0.37202702702702706
11346,0.17022857142857148
11352,0.24588261548761448
11509,0.4063874345549738
11544,0.4425675675675675
11545,0.2865671641791045
11609,0.2714361140443507
11632,0.6199999999999999
11637,0.14595238095238094
11638,0.25357142857142856
11639,0.2754693877551022
11675,0.2775160599571735
11680,0.15728476821192058
11741,0.20668367346938787
11774,0.43192442369419315
11775,0.4043927710843371
11789,0.5395772695772696
11797,0.16633770239013104
11922,0.3989701269604183
11923,0.3652564102564102
11926,0.3402718446601942
11927,0.3565705128205128
11928,0.3678198334595003
11929,0.3831602564102563
11930,0.4306955128205127
11931,0.3884002987303959
12021,0.5210599078341014
12025,0.25452869710934234
12065,0.30974675823431075
12067,0.30076702962394014
12072,0.34826985346164857
12163,0.3623501284613188
12323,0.17685714285714282
12324,0.13968348170128586
12325,0.13501483679525222
12332,0.10271428571428572
12336,0.1324669603524229
12341,0.103770395413788
12347,0.406
12348,0.3043393148450243
12349,0.31288369622942097
12350,0.27201876019575844
12351,0.2744291024960169
12353,0.22350553505535048
12354,0.24953164029975022
12357,0.21657466063348418
12359,0.24064705882352946
12361,0.2187624434389141
12362,0.2114633638634471
12453,0.2703899211711711
12484,0.10999999999999997
12491,0.12999999999999995
12504,0.22999999999999998
12505,0.15999999999999998
12506,0.36
12572,0.21885245901639344
12639,0.19671428571428567
12705,0.3714920728766356
12716,0.18547297297297297
12850,0.36971428571428555
12851,0.3515714285714284
12852,0.3438571428571427
12853,0.4287142857142856
12854,0.38571428571428557
12855,0.382142857142857
12856,0.31999999999999995
12857,0.42442857142857127
12858,0.36397959183673456
12859,0.37020408163265295
12860,0.37581632653061214
12861,0.3034285714285713
12862,0.3689795918367346
12863,0.38020408163265296
12864,0.3727551020408163
12865,0.40489795918367344
12866,0.3422448979591834
12867,0.37714285714285706
12868,0.33428571428571424
12869,0.3571428571428572
12978,0.15000000000000002
13024,0.4254839138526989
13112,0.19995
13114,0.2906278525453482
13117,0.20199999999999987
13166,0.21471428571428566
13198,0.3219047619047619
13308,0.3128396739130434
13414,0.5112781954887219
13419,0.28932265598932266
13451,0.38498908614668237
13452,0.44179714784633317
13667,0.23251548356360177
13710,0.2848081440877055
13774,0.20999999999999996
13777,0.32696428571428576
13791,0.4313183934807917
13888,0.2951666666666667
13892,0.2800000000000001
13913,0.37099750623441413
14045,0.3450327255726976
14046,0.322511890606421
14047,0.3092686160682291
14094,0.3576530612244898
14095,0.2906122448979593
14096,0.3605194805194806
14097,0.30969387755102046
14114,0.12707006369426752
14154,0.34519230769230774
14155,0.38393485915492964
14220,0.19502490631037453
14223,0.18871318389144842
14289,0.43080804636890574
14324,0.368635931049696
14325,0.3456671899529043
14326,0.3703061224489797
14327,0.3448961267150719
14328,0.3278051982147544
14329,0.335353218210361
14344,0.16282165782863528
14345,0.1407730951716439
14346,0.12711833658945024
14368,0.2636031957390147
14437,0.39672968274663195
14438,0.33965517241379306
14439,0.42448275862068957
14440,0.2582758620689655
14506,0.3007488942501006
14522,0.08105645161290324
14576,0.32918635809987834
14577,0.16495547640249333
14578,0.10062778272484414
14579,0.22921023359288092
14580,0.23047297297297292
14583,0.325897315120113
14585,0.26263837638376386
14586,0.2695940959409594
14587,0.3200471031559114
14604,0.28072579006198556
14614,0.27922725790674924
14630,0.2614879209370425
14679,0.4523788049605414
14691,0.32357142857142857
14821,0.2399999999999999
14822,0.2899999999999999
14824,0.3125
14875,0.3149066511085182
14877,0.3169452054794521
14878,0.20306849315068493
15005,0.38025669033315124
15006,0.3479226686884002
15015,0.2900316957210776
15016,0.2605496588324488
15017,0.24538431061806656
15060,0.28750000000000003
15067,0.24611428571428584
15106,0.27333333333333326
15107,0.27249999999999996
15108,0.17833333333333323
15213,0.9337278106508877
15214,0.22666666666666663
15215,0.3133136094674556
15216,0.41428571428571415
15217,-0.051331360946745536
15219,0.1866666666666667
15221,0.45333333333333325
15288,0.23323452132318256
15289,0.1956786238724565
15300,0.3006632653061225
15301,0.3709015444015443
15303,0.29755058191584605
15304,0.27226975763962075
15305,0.28577662721893493
15306,0.2654881516587678
15307,0.2815239580379926
15308,0.3009099526066351
15309,0.2909289099526066
15310,0.2864285714285713
15312,0.33469147432878005
15316,0.26575510204081637
15399,0.39237778832463216
15402,0.3029995253915521
15404,0.3074038917892739
15405,0.24800625000000012
15406,0.18024324324324323
15413,0.5084693877551019
15432,0.46077714691270416
15433,0.3792536077596405
15434,0.38473730297723313
15435,0.3193293111285591
15462,0.19480862365255427
15482,0.3
15483,0.292857142857143
15484,0.3100000000000001
15485,0.3000000000000001
15486,0.4857142857142858
15487,0.15714285714285714
15491,0.3015714285714285
15492,0.16685714285714282
15493,0.1338571428571428
15494,0.14528571428571424
15495,0.1924285714285714
15496,0.292
15497,0.2772857142857142
15498,0.0724285714285714
15499,0.10371428571428572
15500,0.2882857142857142
15502,0.1251428571428571
15503,0.11371428571428571
15504,0.14828571428571427
15505,0.11814285714285708
15507,0.40031161473087823
15508,0.3932209664848012
15509,0.4167069154774973
15510,0.5788159262146011
15511,0.4412815016887503
15512,0.4660757409440175
15513,0.428760067550013
15514,0.46112561704338784
15515,0.4578578851649779
15516,0.42430176669264735
15517,0.3714285714285715
15568,0.2919335779588283
15660,0.37557752341311135
15662,0.2885023866348449
15682,0.15271929441557874
15750,0.5166666666666665
15752,0.41167241500668694
15754,0.4837142857142858
15756,0.27042485341014294
15757,0.26936014813290815
15758,0.23684210526315794
15762,0.23190559440559444
15763,0.2713499184339314
15766,0.21000089549565687
15768,0.4163999999999998
15769,0.4481138910902298
15772,0.21164600892414479
15773,0.4392567985670085
15774,0.2083931496649292
15775,0.28745385927725786
15778,0.22874923359901903
15783,0.0
15786,0.12456043956043956
15787,0.48166023166023164
15789,0.15200000000000005
15790,0.29958847736625516
15802,0.2789371467049422
15803,0.1692307692307692
15804,0.15833333333333333
15805,0.24747292418772557
15809,0.26910299003322263
15811,0.08000000000000006
15813,2.0124999999999997
15819,0.5098285714285715
15835,0.3546497913769123
15836,0.2799901469007524
15869,0.275
15935,0.14571428571428566
15936,0.24150537316957957
15941,0.354
15942,0.14942857142857144
15970,0.1408809523809524
15977,0.369792899408284
15982,0.3566503584025486
15983,0.32792665726375164
16006,0.4333333333333332
16008,0.13770408163265307
16038,0.24152889993784962
16039,0.30353380718060874
16040,0.28572976680384093
16041,0.29634344876829694
16042,0.3152152195630457
16044,0.29370564084255607
16045,0.26105293142738767
16046,0.363142857142857
16047,0.19500000000000003
16048,0.3257142857142857
16049,0.332142857142857
16050,0.39014285714285707
16051,0.4955714285714284
16052,0.16600000000000004
16054,0.2571428571428572
16055,0.22399999999999998
16056,0.3142857142857143
16057,0.32477710843373486
16058,0.22823674138873704
16065,0.2371408371040724
16067,0.2570899321266969
16086,0.22146804062126654
16091,0.3628565377012143
16107,0.3366513761467889
16108,0.24665657894736848
16136,0.025000000000000012
16137,0.0555555555555555
16138,0.09000000000000004
16142,0.14545454545454542
16155,0.20285714285714285
16156,0.1427142857142857
16157,0.20128571428571423
16158,0.16299999999999992
16159,0.11599999999999999
16160,0.1767142857142857
16161,0.229
16162,0.2899999999999999
16163,0.20699999999999993
16164,0.17857142857142855
16165,0.1694285714285714
16166,0.11494055482166443
16167,0.17271428571428568
16215,0.4287598116169543
16216,0.21215469613259666
16251,0.18280745341614904
16252,0.1291764705882353
16253,0.14572670807453414
16267,0.2298788115715403
16271,0.22287853577371045
16272,0.23828522920203735
16278,0.36363636363636354
16293,0.28249577623427813
16294,0.36032493622448974
16298,0.1932432432432432
16323,0.2765109343936382
16325,0.024999999999999904
16327,0.1999082796232028
16328,0.20559742191373326
16329,0.19512146752602874
16330,0.20663361427863164
16331,0.19268963807635103
16332,0.17137580565195837
16333,0.19912741695587502
16334,0.18838869608329198
16335,0.30475954387704507
16336,0.32985714285714274
16337,0.2928571428571428
16338,0.2958571428571427
16339,0.19033961328705995
16340,0.21295488349033215
16341,0.2342857142857143
16342,0.29571428571428576
16343,0.2442857142857143
16344,0.235
16345,0.2642857142857144
16347,0.28571428571428564
16348,0.27071428571428574
16349,0.2814285714285715
16350,0.25000000000000006
16351,0.20266666666666666
16352,0.30571428571428577
16354,0.22642857142857137
16356,0.2335714285714286
16358,0.22999999999999998
16360,0.2392857142857143
16361,0.1471428571428571
16363,0.2642857142857143
16365,0.275
16372,0.22277205677706655
16374,0.218858892290565
16384,0.06666666666666657
16394,0.3279999999999999
16398,0.12348901098901097
16415,0.3143122676579926
16424,0.28571428571428564
16428,0.259018691588785
16429,0.39057632398753894
16469,0.1720249728555918
16483,0.27749999999999997
16485,0.27320872274143304
16486,0.20180272108843533
16487,0.40445603576751116
16488,0.2375476190476191
16489,0.3734715802623361
16497,0.263248761267984
16498,0.33795627732667094
16499,0.37620291604212514
16500,0.36715884141192384
16501,0.18531539701733166
16502,0.24688615605038491
16503,0.19754044061007547
16512,0.34241008412850765
16513,0.16557309941520465
16563,0.18679741205014158
16575,0.3353441840778792
16588,0.21491428571428578
16616,0.07857142857142858
16624,0.3581957186544342
16625,0.2903182919272154
16636,0.16082926829268288
16637,0.17911675669258628
16655,0.04799999999999998
16666,0.8104265402843601
16675,0.38999999999999985
16708,0.25870263157894735
16709,0.25998315789473686
16711,0.2614073684210526
16712,0.2686318111053452
16755,0.33332145402708496
16799,0.2816
16800,0.28147727272727274
16801,0.2779507042253522
16802,0.2784788732394367
16803,0.09441926345609067
16810,0.39098272444066834
16811,0.1787974683544304
16842,0.3409119216093883
16845,0.2329892395982784
16910,0.42124737776343385
16922,0.321296935173299
16938,0.32004412708600766
16940,0.3600722079589217
16941,0.33049101412066734
16942,0.3578502086007701
16947,0.3526887738305448
16952,0.2974645484830671
16958,0.3375255474452553
16961,0.39430927890353645
17031,0.44588363780778384
17032,0.2926717947177068
17033,0.2863693999579339
17034,0.2379999999999999
17043,0.4070614828209765
17044,0.1594987035436474
17050,0.1454105445116681
17063,0.2980689655172414
17065,0.18806896551724134
17076,0.29891688061617455
17112,0.14474169741697424
17117,0.124316328162482
17125,0.16540785498489424
17126,0.25
17162,0.230144539614561
17186,0.267291857273559
17187,0.24855545200372792
17188,0.23975167921840018
17189,0.21101321585903082
17191,0.2986154812856415
17192,0.337063084638458
17193,0.36495951249007097
17194,0.2791459091609662
17201,0.255
17225,0.3091836734693877
17233,0.2899856784819192
17266,0.3464415584415585
17277,0.20896103896103901
17278,0.20440881763527055
17306,0.15000000000000002
17325,0.20657142857142852
17330,0.12957142857142853
17339,0.22699999999999995
17364,0.2765429093122336
17377,0.3520408163265305
17378,0.08571428571428565
17384,0.1723920265780731
17385,0.23910299003322252
17386,0.23878737541528244
17388,0.32089436619718326
17401,0.24999999999999997
17402,0.20357142857142863
17403,0.32773975903614455
17404,0.46595662650602415
17405,0.3589204819277109
17436,0.3571428571428571
17437,0.2729729729729729
17438,0.2285714285714286
17439,0.23571428571428574
17449,0.20948372889650105
17450,0.19076986984214903
17451,0.19456937136527278
17452,0.23573036457058966
17453,0.2351088818204061
17532,0.1982166587565259
17563,0.19437156019152363
17574,0.36167450973531834
17575,0.27713013044861606
17589,0.354098488796248
17609,0.1659341669731519
17624,0.39150579150579157
17625,0.27999999999999997
17626,0.37142857142857116
17627,0.30428571428571427
17628,0.16082551989749058
17631,0.17769848447678022
17632,0.21244764298225574
17633,0.20467934333623586
17634,0.1775537920429841
17636,0.19366174323261823
17637,0.1684943450818376
17638,0.14541678073421227
17639,0.23643136051765498
17640,0.17863701383846803
17686,0.24221442885771544
17687,0.17281425891181987
17693,0.23428421835061128
17696,0.25952380952380955
17704,0.25420889765898286
17706,0.34828828828828823
17717,0.3546938775510205
17718,0.2428571428571429
17719,0.2636734693877552
17720,0.1752862595419847
17721,0.19169847328244272
17726,0.26889056376243586
17727,0.22087428399155862
17728,0.20747010350718512
17729,0.25241131544568374
17730,0.22654054868857393
17732,0.23609285498944824
17733,0.23778062506280764
17734,0.24771932469098573
17735,0.25303788563963414
17736,0.23701989749773886
17738,0.23650085418550895
17739,0.25000803939302574
17740,0.2485206713469717
17741,0.27461387483958644
17742,0.23391635842077457
17743,0.2514627151051625
17744,0.22634558768022953
17745,0.2148081326589668
17746,0.2870498980901337
17747,0.27435369014368033
17749,0.2718816839032737
17750,0.13179661192560738
17751,0.24963564077401176
17752,0.25182431242293857
17753,0.23594298080068443
17814,0.286347885669538
17828,0.16471428571428567
17832,0.16631578947368422
17834,0.1368421052631579
17841,0.07126919140225177
17857,0.28571428571428564
17860,0.18158049738219895
17879,0.22142857142857156
17880,0.23000000000000007
17881,0.26857142857142846
17882,0.08142857142857135
17883,0.22857142857142856
17884,0.23571428571428582
17885,0.20285714285714287
17941,0.2636363636363636
17946,0.3
18027,0.20674050632911395
18028,0.39701980138967585
18029,0.4318113500134195
18103,0.1207142857142857
18108,0.14499999999999996
18127,0.2746384872080089
18128,0.2704115684093437
18129,0.29933259176863175
18130,0.22836484983314795
18133,0.2738598442714126
18134,0.33070077864293657
18140,0.264
18142,0.34615591397849466
18148,1.0714285714285718
18149,0.6863583815028902
18223,0.16666666666666657
18230,0.4014905431619786
18231,0.3736032977691562
18232,0.36343137730358877
18233,0.365298739088264
18234,0.34433268671193024
18235,0.4120036372453929
18237,0.3805555555555556
18241,0.2760364598647456
18253,0.1456599506578948
18269,0.11199999999999992
18277,0.32301020408163283
18325,0.11857142857142862
18326,0.33428571428571424
18359,0.40557318321392
18361,0.28981057062675386
18362,0.25703703703703695
18363,0.26555555555555566
18367,0.328
18403,0.19255608591885437
18404,0.40357142857142864
18405,0.42857142857142866
18424,0.13124999999999992
18427,0.3444444444444444
18431,0.13999999999999993
18447,0.4614173228346457
18465,0.3575
18466,0.3596610169491525
18467,0.30033898305084744
18468,0.3399999999999999
18483,0.20042857142857137
18484,0.252142857142857
18488,0.25285714285714267
18492,0.011666666666666676
18516,0.376142857142857
18518,0.1934285714285713
18521,0.18142857142857133
18523,0.1644285714285714
18535,0.2613844537815126
18536,0.273054945054945
18537,0.2281642857142858
18538,0.23560577401692379
18559,0.040000000000000015
18560,0.04524271844660195
18591,0.288359497645212
18603,0.14128571428571426
18604,0.19242857142857142
18606,0.2516836734693878
18607,0.25596938775510214
18608,0.2528571428571429
18609,0.3356122448979592
18610,0.2526020408163266
18611,0.255765306122449
18614,0.3324489795918368
18615,0.5962857142857143
18616,0.361326530612245
18620,0.26659430122116684
18621,0.30102040816326525
18626,0.24011428571428578
18631,0.16028571428571425
18633,0.06127084988085783
18635,0.25342857142857134
18637,0.2502857142857142
18669,0.2961278495137893
18670,0.2993349146110058
18671,0.25268987277765415
18672,0.2826589268016424
18673,0.26725521821631887
18674,0.2379680831698388
18675,0.289494953581036
18676,0.17304354791338467
18677,0.24083573602434716
18678,0.21770205643232904
18726,0.2667099005620407
18732,0.23492884709949494
18733,0.31453625115042444
18734,0.30908528479394626
18735,0.2571910112359551
18736,0.2818057401009833
18737,0.32629096688286585
18739,0.3265714285714284
18740,0.297345534094547
18741,0.27534948244584356
18742,0.2399131797114694
18743,0.3398673368490442
18744,0.33946253853370856
18745,0.33394611096363164
18746,0.35228571428571415
18747,0.3049999999999999
18748,0.30531888504471566
18749,0.3123991422061386
18750,0.2929239142033935
18751,0.26775312250863675
18760,0.42210526315789476
18776,0.289593837535014
18789,0.10000000000000002
18803,0.06153846153846152
18817,0.20917081741475477
18819,0.22066278222869642
18820,0.2642315051020408
18827,0.03333333333333333
18828,0.021929824561403497
18829,0.12999999999999995
18831,0.08784183082271146
18832,0.0586796260888039
18833,0.07804758869768427
18834,0.11120356612184248
18876,0.14064065132885095
18877,0.21735742752763684
18901,0.16003343625513944
18902,0.19909083361009633
18912,0.3696969696969697
18918,0.38557216555281987
18919,0.40277347871966235
18920,0.5043434165787315
18921,0.4486399343416579
18922,0.39871438621174826
18923,0.40636358306952763
18924,0.3211888849806543
18925,0.421727635127213
18958,0.27289640189053205
18975,0.21154761904761898
18976,0.25271428571428556
18989,0.18535463987165404
19044,0.2109945293947935
19047,0.383749039200615
19049,0.4153999999999999
19050,0.3710574521232306
19061,0.28624529865493725
19062,0.2046428571428571
19063,0.2451578424061645
19064,0.16388516032811332
19065,0.2370558330360328
19066,0.667857142857143
19067,0.1595503597122302
19068,0.18935898223833816
19069,0.19354213273676354
19070,0.1726135135135135
19072,0.20959864430966826
19077,0.45680473372781083
19078,0.2731360946745563
19088,0.09743589743589741
19090,0.30689726840855114
19092,0.2719166666666667
19098,0.3019870129870131
19124,0.2970464135021098
19131,0.35596671289875176
19169,0.24092095918684386
19214,0.233783244680851
19222,0.28317901058049766
19238,0.11545233124565063
19239,0.22473903966597072
19247,0.23110879146369742
19252,0.15459754117374155
19253,0.09108327534214798
19261,0.21349131862975135
19294,0.19542081949058693
19296,0.19330357142857138
19297,0.20637181616832784
19298,0.22864837398373983
19299,0.18828834440753042
19300,0.19812214239059436
19301,0.16829736866065734
19302,0.23772534291312872
19303,0.1828862126245847
19304,0.19802416721097327
19305,0.1957469512195121
19306,0.20192024539877307
19307,0.21866361788617883
19308,0.1764467668190725
19309,0.20314368770764116
19310,0.24116108786610874
19311,0.24782949790794975
19312,0.2584152719665271
19313,0.2738954048843188
19314,0.20974522292993633
19315,0.2009728033472803
19316,0.1927587579617835
19317,0.211062898089172
19318,0.19315038893690573
19319,0.20531847133757966
19320,0.20097531847133757
19321,0.18591527196652713
19322,0.18258274421593834
19323,0.2225453888174808
19324,0.21518710191082807
19366,0.20923930269413624
19367,0.19605784469096665
19369,0.301311410459588
19370,0.2592670364500792
19372,0.2021038034865293
19433,0.3168501860565242
19471,0.2696002931559364
19483,0.31540781160252734
19484,0.3723147071262424
19518,0.3188956438993444
19519,0.2898095238095238
19529,0.26288796175317725
19530,0.24802277586411686
19534,0.2937989963178524
19555,0.3109606547960943
19584,0.2631680071492404
19600,0.28428571428571436
19614,0.26725089390643375
19615,0.26147651391214116
19629,0.19029139072847684
19630,0.12740397350993377
19640,0.11838132347113986
19653,0.25436129008230596
19669,0.36333333333333334
19670,0.38996844697552724
19671,0.3336666666666667
19672,0.23735508802060973
19676,0.08233333333333337
19680,0.13682088565763378
19681,0.1306946747472376
19682,0.12088033284902916
19683,0.12625974111742172
19684,0.10304698850878354
19685,0.11730735930735933
19686,0.10611255411255414
19687,0.11419047619047622
19688,0.10922077922077923
19689,0.13582589919881807
19691,0.1364782089891471
19692,0.13341837604409337
19693,0.13292800727314047
19696,0.09558947073648835
19697,0.09653878465415847
19700,0.12727074914516634
19755,0.28030495472837025
19777,0.2537813884785821
19778,0.23707533234859685
19779,0.23146233382570175
19780,0.26183161004431327
19781,0.2439881831610045
19803,0.3001560914095901
19808,0.25167745575484013
19822,0.19421768707482992
19824,0.24897959183673476
19855,0.23566003942432012
19871,0.28553661700890254
19872,0.29164720619156265
19873,0.21877551020408167
19874,0.2540330157025903
19940,0.2090909090909091
19941,0.2454545454545454
20024,0.27474939387260316
20026,0.4391482995776021
20027,0.4633529188779377
20075,0.2231587959244071
20124,0.2064639714783563
20136,2.0666666666666664
20150,0.22642167780252417
20151,0.22930215293244247
20152,0.2361582437685799
20164,0.1948620037207729
20184,0.35243119266055056
20189,0.2136539529730252
20190,0.1054434427198761
20197,0.17996146435452795
20216,0.21696082649240717
20246,0.20795996149541768
20259,0.21043689919746011
20294,0.2154500396860393
20343,0.21456900948689167
20390,0.25701574024217677
20401,0.28746068239370914
20404,0.30989658906334605
20405,0.3212847120724934
20407,0.2111904284472963
20408,0.21291090167769536
20409,0.2067482120179132
20410,0.2131842791257269
20429,0.2958941365007542
20438,0.26911576168929113
20510,0.32115450284566455
20521,0.30637857121775575
20526,0.23269371519490847
20529,0.2203
20530,0.19900000000000004
20531,0.19076666666666667
20550,0.30856053926058846
20585,0.2857191172943152
20586,0.2767125815380135
20600,0.28851751570012685
20610,0.1691066496707032
20614,0.1438251540259188
20615,0.20285714285714274
20616,0.1805344129554656
20617,0.2985714285714286
20618,0.24428571428571433
20640,0.11303370786516856
20641,0.12996974935177186
20658,0.28968665395028304
20659,0.2568074121030052
20660,0.25985254802524593
20661,0.26635605288059616
20662,0.26400711076812833
20663,0.25558383981539534
20664,0.2343078025521594
20665,0.1646488525439834
20666,0.1853920892004051
20667,0.23491010482411417
20668,0.22688175030698493
20669,0.20751962007485816
20671,0.21585547772841668
20672,0.18838673825166485
20714,0.34318338669096965
20739,0.13571428571428568
20741,0.22266666666666665
20742,0.0657142857142857
20750,0.22425142857142863
20751,0.08607142857142858
20752,0.12649999999999997
20756,0.26399999999999996
20762,0.053846153846153856
20763,0.2184615384615384
20764,0.049999999999999996
20765,0.07874999999999996
20770,0.17913043478260868
20771,0.5317567567567569
20800,0.07166666666666668
20818,0.3114334962696167
20835,0.16675257731958762
20836,0.24314432989690726
20841,0.1931924360400445
20845,0.125
20846,0.26371428571428573
20847,0.24542857142857152
20848,0.2739795918367347
20849,0.28800000000000003
20850,0.0892307692307692
20857,0.3517727185345895
20887,0.22260084925690024
20890,0.15999999999999998
20936,0.2266484888304862
20940,0.1887096774193549
20943,0.20499999999999996
20944,0.13821752265861026
20948,0.2477777777777778
20949,0.21170995670995674
20953,0.12545454545454543
20954,0.1824
20956,0.18749999999999997
20973,0.19995918367346946
20974,0.24066933066933077
20975,0.23019980019980024
20976,0.30152347652347655
20977,0.3125874125874127
20978,0.22790306122448978
20979,0.21992935635792785
20980,0.2448037676609106
20981,0.2553218210361068
20982,0.24094976452119315
20988,0.14797488226059657
20989,0.41509490509490515
20990,0.3668231768231769
20991,0.13187693898655634
20992,0.16616883116883122
21019,0.46258650873468166
21020,0.45850115850647627
21022,0.1936547085201794
21023,0.17520179372197311
21025,0.24414285714285716
21079,0.39709234015855827
21089,0.2521397590361446
21099,0.35082644628099163
21167,0.2813535824846337
21203,0.19655844155844152
21269,0.34483044733044754
21271,0.35407287157287165
21273,0.39297979797979815
21280,0.14333715309334702
21281,0.1639717425431711
21347,0.3936363636363635
21349,0.13679999999999995
21366,0.13794965915049812
21382,0.17854297659413382
21413,0.415
21461,0.27166666666666667
21485,0.41206383806928765
21596,0.228246011642892
21597,0.23201730826618916
21598,0.27935483870967737
21599,0.46967741935483875
21600,0.2319354838709677
21601,0.22580645161290325
21602,0.4235483870967742
21661,0.15846043165467624
21662,0.17200000000000004
21663,0.11459712230215828
21680,0.27406593296848164
21681,0.25940288818759244
21684,0.20625000000000013
21686,0.2661538461538461
21687,0.26714285714285707
21688,0.25285714285714284
21695,0.21175510204081638
21696,0.29999999999999993
21697,0.43857142857142845
21698,0.20032653061224492
21699,0.1458367346938776
21700,0.19285714285714292
21701,0.23714285714285707
21716,0.33007954951734003
21728,0.16570700811550163
21732,0.2061538461538462
21831,0.34955531453362265
21866,0.19999999999999993
21907,0.21902803738317753
21908,0.188
21939,0.33742977259698076
21940,0.3262015621829986
21944,0.23085714285714284
21965,0.16999999999999998
21966,0.3248275862068964
21968,0.2611764705882353
21971,0.3333333333333333
21988,0.37000000000000016
21995,0.18423810803547433
21997,0.18221778221778226
21998,0.16875981161695452
22004,0.44599999999999984
22007,0.5666666666666665
22023,0.10962788506829957
22116,0.37272727272727263
22119,0.27056962025316456
22124,0.3248726520599341
22130,0.26857142857142857
22133,0.3749121265377855
22134,0.3658322758037225
22135,0.30714285714285716
22173,0.053333333333333295
22174,0.3409999999999999
22182,0.1808333333333333
22235,0.32206127778839416
22236,0.2853595770431237
22237,0.38816157938952667
22264,0.1857142857142857
22265,0.19473469387755105
22266,0.19142857142857142
22267,0.20659740259740267
22268,0.29285714285714287
22304,0.18634435433562074
22305,0.21785714285714292
22318,0.3012237974963588
22329,0.18718493552168813
22330,0.11925925925925923
22355,0.3333333333333333
22448,0.09655172413793106
22452,0.1777777777777778
22453,0.19999999999999998
22456,0.2510173207565035
22461,0.6178947368421053
22500,0.2246666666666666
22508,0.28569981216345947
22510,0.31460035897649946
22522,0.27666666666666656
22532,0.22333333333333333
22533,0.26833333333333326
22534,0.2466666666666666
22536,0.29499999999999993
22590,0.07749999999999997
22612,0.2122347629796839
22613,0.24269751693002248
22623,0.208033365917237
22626,0.28656428203165285
22650,0.2750000000000003
22688,0.22513198509845658
22689,0.18215180809165768
22690,0.17085714285714282
22780,0.31071926870339195
22813,0.19514563106796123
22815,0.12999999999999992
22845,0.17895522388059704
22893,0.19984427141268069
22894,0.3131601731601732
22895,0.23914285714285702
22896,0.26217316017316017
22898,0.3565887445887446
22899,0.2653766233766235
22900,0.22455411255411256
22901,0.24229437229437234
22960,0.17142857142857149
22961,0.17895178197064981
22962,0.27103191241556013
22963,0.18061224489795918
22964,0.224134723261032
22965,0.10605171208944793
23025,0.23852472757753565
23106,0.19514563106796123
23108,0.1276530612244898
23109,0.15035714285714286
23110,0.14632124352331607
23111,0.21102040816326534
23120,0.36980422077426633
23121,0.37358018097752266
23122,0.3144281507026993
23123,0.29813639322916663
23124,0.411508875739645
23125,0.3908126963255169
23127,0.4642037402293812
23128,0.4341263057929725
23132,0.4061717437358463
23133,0.29300000000000004
23134,0.39865001095770325
23185,0.1839941972920697
23191,0.38157754401344146
23194,0.2665437302423604
23208,0.2920338038632986
23209,0.2446607664718384
23211,0.27951825157773946
23212,0.27534011044176704
23213,0.284008892713712
23214,0.2694154295754447
23215,0.2904752940332759
23297,0.402246162133046
23316,0.22700799200799204
23317,0.4652347652347654
23318,0.3287743826812493
23326,0.18494176176667193
23327,0.184156836712967
23328,0.18665081850177223
23329,0.1987526118427486
23330,0.21435095582967295
23331,0.1781293311980917
23340,0.21670815067984242
23341,0.16214723926380376
23342,0.19487517646184704
23371,0.19184561027837257
23377,0.22474037600716196
23378,0.2439050847457626
23379,0.2955244275071241
23380,0.31910907577019154
23381,0.2897060264576187
23382,0.29882879045996585
23435,0.19581430439593606
23561,0.13399999999999998
23633,0.20483358694453624
23634,0.21096868754163903
23685,0.2029873183962604
23686,0.15053560466543892
23699,0.2954347811436465
23701,0.2773260774337028
23702,0.27988004178319914
23703,0.2859542406577484
23704,0.3159678538935876
23705,0.2959640799272163
23706,0.2953887522323685
23707,0.30514459008659905
23708,0.2935189540721771
23709,0.27818303736900624
23710,0.2721924048926779
23711,0.2873417124372409
23732,0.2795090909090909
23733,0.25182847299126354
23734,0.3071272727272727
23735,0.25943636363636363
23736,0.25877322505229466
23737,0.28286335605322943
23738,0.2480168776371308
23739,0.15819267920691404
23740,0.2642203829925349
23741,0.24626666666666663
23742,0.2353666666666667
23823,0.17561190317566075
23824,0.16417198935962357
23826,0.1712317121918722
23839,0.23420408163265305
23840,0.2537142857142856
23841,0.17259453781512604
23842,0.2201155462184873
23843,0.22201680672268903
23844,0.20726530612244906
23846,0.2542857142857144
23847,0.24167016806722683
23848,0.20749999999999996
23849,0.22242857142857136
23850,0.23258403361344526
23945,0.20303468798578736
23976,0.12402439024390242
23977,0.1219368723098996
23978,0.1197401774397972
23979,0.10130989180834621
23980,0.09585242896425293
23991,0.4168749999999997
24000,0.09692307692307689
24003,0.16300230946882224
24039,0.13299477465708687
24040,0.13844546048334422
24041,0.1401371652514696
24042,0.27205747877204445
24043,0.1371864794252123
24044,0.1584274983670803
24045,0.13087197909862833
24046,0.2602792292619203
24047,0.1576175702155454
24049,0.17251959503592426
24050,0.08002775963422601
24051,0.2075538863487916
24052,0.22528576094056177
24053,0.10593403004572174
24054,0.20635695623775308
24071,0.20470588235294115
24086,0.35429524407471363
24087,0.31104183016794856
24088,0.3134861217214159
24089,0.22112118018967336
24090,0.22178292939936775
24091,0.249695796460177
24092,0.28772345301757063
24093,0.3164624862658922
24102,0.397142857142857
24103,0.20585714285714282
24104,0.2109999999999999
24105,0.20485714285714277
24153,0.32644897959183683
24154,0.32146047953323004
24155,0.3093463396845656
24169,0.2714285714285714
24175,0.29551020408163275
24182,0.31021276595744685
24190,0.2844533238457538
24191,0.1886528497409326
24193,0.39662310866574957
24204,0.13662337662337667
24205,0.2515671200473093
24206,0.18363636363636365
24207,0.24122448979591846
24223,0.0
24257,0.21000000000000005
24300,0.17485045045045047
24301,0.21194594594594598
24303,0.12650962458789747
24304,0.2953738314091594
24305,0.1291511371558855
24307,0.13232702775696203
24308,0.19137015352773562
24317,0.2678580901856764
24321,1.293103448275862
24331,0.3333333333333334
24394,0.06428571428571425
24395,0.09448959618739629
24396,0.04880988184747584
24411,0.12714285714285709
24444,0.20619533527696798
24446,0.27881502890173404
24476,0.43999999999999995
24477,0.4142857142857144
24478,0.14010507880910686
24480,0.09999999999999999
24506,0.452201144388886
24507,0.5044070709550699
24508,0.2799999999999999
24517,0.2621031029501638
24518,0.25053247512539034
24519,0.2695650902464701
24520,0.2675064315346806
24521,0.2561442786540265
24522,0.2656661304498533
24541,0.1941428571428571
24542,0.17785714285714277
24543,0.1718571428571428
24544,0.1745714285714285
24545,0.16714285714285707
24546,0.21714285714285717
24569,0.14727272727272728
24570,0.1594805194805195
24571,0.13261904761904764
24572,0.13272727272727272
24573,0.11324675324675326
24574,0.13787878787878788
24575,0.14227799227799226
24632,0.16545454545454544
24650,0.06571428571428571
24652,0.253
24670,0.12238896146309604
24671,0.12210156760287391
24672,0.16216851730894843
24673,0.10835401698236445
24674,0.11544252122795556
24685,0.30444270015698593
24686,0.24192307692307694
24688,0.2823645320197044
24689,0.28412087912087913
24690,0.2624960753532183
24691,0.2710989010989011
24692,0.27574568288854007
24693,0.1783816183816184
24694,0.26212987012987016
24695,0.2420179820179821
24738,0.28611559554024657
24739,0.24654806095757995
24740,0.251097309618062
24741,0.23006615796037988
24742,0.22860343490357263
24743,0.26158346635421575
24761,0.35105829916206094
24762,0.18538707030181456
24763,0.1587494301085073
24764,0.16216236893029118
24765,0.16377615768867287
24766,0.16165333587469286
24767,0.1873633531577457
24768,0.1342401096748924
24769,0.22280756023498025
24770,0.22507976965920884
24771,0.19185714285714286
24772,0.17058874458874457
24773,0.1877210884353741
24774,0.21797402597402601
24775,0.18045238095238095
24776,0.23360544217687068
24777,0.24858874458874466
24778,0.21428571428571433
24808,0.23647902283590008
24814,0.29326986483033834
24815,0.3210203671108877
24819,0.416153504880213
24834,0.40840859431900944
24836,0.3505426074289874
24881,0.2125139540475405
24882,0.21679543942249094
24883,0.20009315034129893
24884,0.2168092723972942
24885,0.19750031401388557
24886,0.3125512918433459
24888,0.34428207964601765
24889,0.21548620236530885
24890,0.10219221604447973
24891,0.06824202287778446
24946,0.1880881571959638
24948,0.0907423580786026
24949,0.7636363636363633
24950,0.6666666666666665
24952,0.8824999999999995
24965,0.3571428571428572
24966,0.38385321100917436
24970,0.2343316863672966
24971,0.2126924130058349
24972,0.19337362322713653
24977,0.20233400092435677
24980,0.2274572484979201
24987,0.26955958549222797
25019,0.29506122448979605
25020,0.30591836734693884
25021,0.3142448979591837
25022,0.3106644255487444
25023,0.41306122448979604
25024,0.4452551020408165
25025,0.4559999999999998
25049,0.31110204081632653
25050,0.24628571428571433
25051,0.33485714285714285
25052,0.2510204081632653
25053,0.3022040816326531
25054,0.293265306122449
25072,0.09304347826086955
25073,0.03928571428571434
25077,0.09241682974559688
25078,0.23142857142857146
25079,0.12285225048923683
25080,0.20831632653061227
25081,0.30428571428571427
25088,0.192764705882353
25130,0.3379127878490936
25131,0.3339798418142368
25132,0.29750122488975994
25133,0.30364527192552665
25134,0.34147756701896825
25135,0.35878770910618046
25136,0.3571778539931406
25137,0.351990620844124
25138,0.40116679498845104
25139,0.3323524882760551
25140,0.4313459788619024
25141,0.459659130678239
25142,0.3970322670959615
25143,0.4223160915517603
25144,0.4232085112339888
25145,0.31525302722754955
25146,0.3954602085812276
25148,0.34587247147756695
25149,0.3565899069083782
25150,0.35056974872261487
25152,0.3426753907669938
25181,0.21895635610948416
25182,0.21021568713804423
25183,0.2068084395804432
25187,0.25214447884416913
25189,0.25276873729255217
25204,0.21437086092715235
25205,0.2565165562913907
25214,0.35999999999999993
25217,0.4379453494482395
25256,0.18285316317796282
25258,0.3124672131147542
25273,0.02727272727272725
25274,0.2840890688259109
25307,0.31104941416199683
25308,0.321374527112232
25309,0.3266708701134931
25310,0.20593316519546032
25311,0.3612641866330391
25312,0.3338177805800756
25313,0.30754728877679693
25314,0.17249684741488014
25315,0.24744897959183662
25333,0.42991025641025643
25334,0.3034246794871794
25336,0.35363256369426743
25338,0.2512390491452991
25353,0.27967032967032956
25360,0.1555466920563033
25361,0.1551807724968478
25362,0.13555055196726798
25375,0.07928571428571428
25376,0.06214285714285714
25378,0.0442857142857143
25379,0.04142857142857143
25381,0.11666666666666667
25391,0.27587216074548637
25411,0.30728175640355476
25419,0.11428571428571428
25440,-0.16666666666666663
25441,0.1505780346820809
25442,0.021896684656900534
25552,0.007500000000000282
25553,0.2799999999999997
25567,0.33664935064935075
25577,0.19999999999999984
25578,0.23333333333333317
25579,0.29999999999999977
25580,0.0
25581,0.07945205479452053
25582,0.17191780821917813
25584,0.38990825688073383
25613,0.0904285714285714
25617,0.27386527141922823
25649,0.15
25706,0.27819176654507555
25707,0.1752683689421574
25708,0.17011724856696195
25890,0.2030171073094868
25895,0.27999999999999997
25896,0.30482115085536543
25897,0.24041095890410957
25898,0.20191614066726776
25901,0.18227060653188176
25920,0.17559398496240602
25945,0.6951038575667656
25967,0.17710560113925988
25968,0.28459523809523807
25999,0.26844897959183683
26008,0.17799999999999994
26048,0.2839999999999998
26049,0.2498571428571428
26051,0.27488624052004335
26052,0.22000000000000003
26056,0.33129591836734695
26057,0.27388830163794514
26058,0.2582244897959183
26059,0.34356822832316686
26060,0.2503112244897959
26061,0.2611326530612245
26062,0.27008163265306123
26093,0.4785440044514515
26110,0.056686390532544366
26165,0.18657142857142855
26166,0.21285714285714283
26176,0.25899999999999995
26177,0.2558333333333333
26180,0.23175895765472315
26215,1.0714285714285718
26216,0.3909352517985611
26218,0.1734
26219,0.15779999999999994
26220,0.177
26221,0.1738
26238,0.2702692229247399
26239,0.3025872873769022
26240,0.2807678972057923
26241,0.3416696508504923
26242,0.31504028648164706
26243,0.2778941464409545
26244,0.3190934121966142
26245,0.31021841541755885
26246,0.3164547896150401
26247,0.2887456659188252
26248,0.31404446257393426
26249,0.23919539057719763
26250,0.3215622202327662
26251,0.31973142345568467
26252,0.2960519247985674
26253,0.3184703242912501
26254,0.2742857142857143
26255,0.26571428571428557
26256,0.3092402610646542
26257,0.23528571428571418
26258,0.2962444046553266
26445,0.2506954074967341
26446,0.2488955883830771
26447,0.26157204610951
26448,0.2229096411586685
26449,0.22871268703009842
26450,0.2018959827299571
26475,0.24933547695605565
26476,0.21842533047516968
26477,0.23937299035369775
26479,0.23223561986423719
26480,0.21775098249374775
26481,0.25226598785280446
26482,0.2170418006430868
26483,0.23959807073954978
26491,0.23291679228218276
26510,0.21577676240208873
26511,0.27505221932114887
26512,0.24875979112271546
26513,0.20849216710182772
26514,0.20951697127937335
26515,0.21172051269742206
26516,0.17726152197213288
26551,0.20629235237173274
26552,0.029428571428571425
26560,0.08980810234541577
26561,0.12586353944562897
26567,0.17659209831501124
26568,0.1727660697998175
26569,0.1909074669524831
26570,0.36992481203007505
26571,0.47781954887218037
26574,0.613533834586466
26599,0.2874999999999999
26682,0.2119919800368305
26683,0.29981255222764663
26684,0.3631750010995294
26687,0.11499999999999994
26690,0.03999999999999994
26798,0.10499999999999998
26808,0.14253411600520824
26809,0.1526607763615296
26818,0.33076923076923065
26945,0.27666666666666667
27000,-0.032666666666666656
27003,0.066469824789098
27014,0.22852974060822898
27016,0.20144769188746242
27018,0.23757043828264754
27019,0.11757420300476369
27020,-0.003950177935943056
27045,0.27391304347826084
27082,0.32551071078006827
27083,0.2445714285714285
27084,0.3013309082510538
27085,0.33035394653270983
27086,0.33630188457699767
27087,0.3226052368930899
27088,0.32574502436446906
27089,0.32403745670169676
27090,0.3041622145247461
27091,0.33422356601890457
27092,0.3386637703281865
27093,0.3084430223683439
27094,0.3005856278987848
27095,0.31397551811190044
27096,0.31433658192919633
27098,0.31050471267862584
27099,0.28557312252964434
27100,0.3076771055031925
27101,0.2881878990574643
27102,0.29642748555792037
27103,0.29965034965034965
27104,0.27423228944968076
27105,0.28380966859227735
27106,0.28785345089692915
27107,0.29055944055944055
27108,0.27689267254484645
27109,0.27535725144420803
27146,0.17806818181818182
27147,0.15693181818181823
27148,0.15613636363636366
27149,0.21125
27150,0.19170454545454546
27151,0.15386346586646663
27152,0.1973863636363636
27153,0.16204545454545458
27164,0.30428571428571427
27165,0.2671428571428571
27166,0.2671428571428571
27167,0.24571428571428577
27168,0.27857142857142864
27169,0.3228571428571429
27170,0.22999999999999995
27171,0.2778571428571429
27172,0.2628571428571429
27173,0.23928571428571432
27184,0.15344827586206894
27185,0.20258620689655166
27186,0.167
27187,0.12983529411764708
27188,0.2104285714285714
27189,0.19221093749999996
27190,0.16367578124999993
27205,0.11547909549373678
27227,0.192258064516129
27228,0.14090100111234702
27271,0.2877758417760956
27282,0.2157814288351486
27283,0.22686681669394432
27284,0.22130385822410925
27285,0.23405667343548084
27294,0.29636532596263815
27295,0.3255218261532596
27296,0.29520920701486847
27297,0.2998017537171178
27298,0.2823379717880289
27299,0.3053269157453297
27300,0.33196721311475413
27301,0.3211437285550896
27302,0.32230604269919944
27303,0.3350462256957682
27304,0.33194358461705226
27305,0.3182648684712162
27325,0.02857142857142859
27326,0.34496428571428583
27327,0.1933333333333333
27330,0.03999999999999998
27387,0.0
27413,0.23094207364042527
27414,0.1908827296011708
27415,0.23690332629886449
27416,0.2121761631996785
27455,0.21376417501203013
27461,0.6417142857142858
27512,0.28982332155477036
27549,0.2595727104401082
27550,0.24856857997436269
27551,0.2659991454208802
27552,0.15266342452570797
27553,0.05933663433493864
27555,0.2265295169946333
27556,0.22330891856958218
27557,0.38474960876369335
27558,0.41084762532981517
27559,0.5138851351351352
27560,0.09455958549222795
27579,0.3043265890047007
27582,0.389935851746258
27583,0.3037318990484071
27584,0.40435976928622924
27604,0.03674418604651166
27605,0.12277310924369748
27609,0.2
27650,0.07897241647241646
27656,0.23247382073205886
27657,0.2573238561329914
27672,0.18799999999999986
27688,0.0
27694,0.17227486756915833
27695,0.20999999999999994
27696,0.15946863468634684
27697,0.17687316068275458
27698,0.18575191288993528
27699,0.12914285714285717
27703,0.3105714285714285
27704,0.20556356680400237
27705,0.29157142857142854
27706,0.25899999999999995
27707,0.22336374337845788
27708,0.18259270158917018
27720,0.33342857142857135
27728,0.04285714285714284
27729,0.26716157205240176
27748,0.09757142857142856
27754,0.33542471466198415
27755,0.36433549165935025
27756,0.37128456979806834
27757,0.337524692712906
27758,0.3548639157155399
27760,0.3487220149253731
27762,0.3154068774028192
27763,0.33589387620719924
27764,0.3032480537992034
27766,0.26888703815869164
27767,0.20717021510096575
27797,0.2683130911248387
27804,0.15308121019108276
27880,0.2634615384615383
27881,0.28921052631578936
27882,0.3671017871017872
27885,0.3307142857142857
27886,0.23748201438848932
27892,0.24682302771855014
27893,0.2987351453112131
27959,0.36407665505226483
27960,0.35115419296663664
27974,0.30714285714285716
27975,0.29571428571428576
27976,0.25714285714285723
27977,0.1771428571428572
28010,0.0014285714285714286
28035,0.28271428571428564
28063,0.2857142857142856
28064,0.2714285714285713
28065,0.20714285714285716
28066,0.18857142857142864
28067,0.1557142857142857
28068,0.2071428571428572
28069,0.23999999999999994
28070,0.24714285714285703
28071,0.24284313725490192
28072,0.23766666666666664
28073,0.25242857142857134
28074,0.2757142857142856
28075,0.23128571428571426
28076,0.24014285714285705
28280,0.31316666666666665
28281,0.3230303030303031
28304,0.11299999999999999
28305,0.145
28306,0.19337209302325584
28476,0.08984903225806452
28477,0.10641098305938657
28492,0.03285714285714286
28493,0.04142857142857143
28500,0.09999999999999996
28528,0.22324431256182
28602,0.039152806652806633
28609,0.21232159551262073
28611,0.36757396449704155
28718,0.12651474530831106
28719,0.1384969008264463
28723,0.31999999999999995
28724,0.16730769230769227
28726,0.15815006468305312
28766,0.3196774193548387
28793,0.23000000000000004
28808,0.3282302856294244
28834,0.31708791208791215
28835,0.3336563436563438
28843,0.15088372093023253
28844,0.14402325581395348
28845,0.08655813953488373
28852,0.2536363636363636
28869,0.13594488188976375
28943,0.2714285714285714
29099,0.3
29108,0.3445568685376663
29109,0.25048424289008453
29110,0.2664
29212,0.24579503602882313
29213,0.23959677419354838
29215,0.19868374699759808
29216,0.3125272727272726
29221,0.3514285714285715
29244,0.19954256670902157
29263,0.16690839694656484
29265,0.2531120491174214
29358,0.17042857142857135
29438,0.09000000000000004
29451,0.25999999999999995
29452,0.3106593406593407
29579,0.1616279069767441
29619,0.18636363636363631
29679,0.06099999999999991
29873,0.2581224489795919
29874,0.29583673469387767
