cycle_id,pond_id,start_date,finish_date,total_seed_shrimp,harvest_status,harvest_times,total_mortality_shrimp,survival_rate
18876,36294,2022-10-14,2023-01-29,331920,Full,1,33957.0,0.8976952277657266
24088,39154,2023-08-01,2023-10-18,357570,Full,2,23355.0,0.9346841177951171
17743,20914,2022-07-19,2022-09-29,168275,Full,2,11766.0,0.9300787401574804
17125,34187,2022-07-07,2022-09-20,188000,Full,1,54.0,0.9997127659574468
26058,44147,2023-10-02,2024-03-03,148007,Full,7,19897.0,0.8655671691203795
24480,36656,2023-07-29,2023-09-15,40000,Full,1,1703.0,0.957425
24542,41484,2023-08-04,2023-10-13,516780,Full,1,20608.0,0.9601222957544797
16486,27610,2022-05-22,2022-08-15,240000,Full,2,31778.0,0.8675916666666666
23702,41760,2023-07-08,2023-11-19,192500,Full,4,8852.0,0.9540155844155844
24693,42842,2023-08-05,2023-11-27,238590,Full,4,19359.0,0.9188608072425499
25131,43236,2023-08-18,2023-11-14,449540,Full,2,20751.0,0.9538394803576989
23708,41766,2023-07-08,2023-11-14,174000,Full,4,13871.0,0.9202816091954023
18237,32248,2022-09-10,2022-11-23,80000,Full,1,200.0,0.9975
21089,36656,2023-03-04,2023-05-09,70000,Full,1,68.0,0.9990285714285714
17740,20911,2022-07-19,2022-10-23,348646,Full,4,3861.0,0.9889257298233739
25360,42209,2023-10-16,2024-01-31,204000,Full,3,2309.0,0.9886813725490196
24223,39071,2023-07-16,2023-09-07,120000,Full,1,3900.0,0.9675
16155,31443,2022-05-15,2022-07-22,161356,Full,1,63882.0,0.604092813406381
17625,34310,2022-08-19,2022-10-15,81561,Full,2,6413.0,0.9213717340395532
12482,24266,2021-10-08,2021-12-11,150000,Full,1,347.0,0.9976866666666667
19372,31469,2022-11-18,2023-02-04,333400,Full,2,1380.0,0.9958608278344331
20671,38265,2023-03-14,2023-07-03,325000,Full,4,20906.0,0.9356738461538462
23123,13252,2023-06-29,2023-09-21,199708,Full,1,16773.0,0.9160123780719851
19555,13252,2022-11-29,2023-02-27,200000,Full,3,1237.0,0.993815
20615,38366,2023-02-26,2023-05-01,240000,Full,1,65694.0,0.726275
26062,44151,2023-10-02,2024-02-18,110631,Full,4,13623.0,0.8768609160181142
26244,44485,2023-09-27,2023-12-16,501500,Full,2,9030.0,0.9819940179461615
24093,39159,2023-08-01,2023-10-28,343215,Full,2,16910.0,0.950730591611672
17575,24266,2022-08-04,2022-10-23,233869,Full,5,3086.0,0.9868045786316271
19484,13250,2022-11-29,2023-03-09,200000,Full,3,2393.0,0.988035
23381,33025,2023-06-18,2023-09-14,405904,Full,1,2726.0,0.9932841262958729
20943,37101,2023-02-19,2023-04-12,75000,Full,1,5646.0,0.92472
16636,30609,2022-06-29,2022-08-28,330000,Full,1,3701.0,0.9887848484848485
26251,44472,2023-09-25,2023-12-27,500800,Full,2,66951.0,0.8663119009584664
25581,43817,2023-09-28,2023-11-30,25500,Full,1,1205.0,0.9527450980392157
14437,5,2022-02-18,2022-05-23,114000,Full,3,781.0,0.9931491228070175
19247,35562,2022-11-14,2023-02-12,270000,Full,2,19326.0,0.9284222222222223
17436,5,2022-08-25,2022-10-15,96000,Full,1,11730.0,0.8778125
18831,30609,2022-10-25,2023-01-18,270000,Full,3,42284.0,0.8433925925925926
24045,38258,2023-08-08,2023-10-21,325000,Full,1,14784.0,0.9545107692307693
26683,44806,2023-10-12,2024-02-02,1200000,Full,6,3.0,0.9999975
17736,20908,2022-07-20,2022-10-25,277550,Full,4,5822.0,0.9790235993514682
15503,31876,2022-05-12,2022-07-16,182172,Full,1,47238.0,0.7406956063500428
15217,31333,2022-03-20,2022-07-04,2543,Full,1,38.0,0.9850570192685805
15491,31452,2022-05-11,2022-07-14,194122,Full,1,14751.0,0.9240117039799713
24087,39153,2023-08-01,2023-10-29,331470,Full,2,9293.0,0.9719642803270281
14693,30788,2022-03-04,2022-04-19,24000,Full,1,2000.0,0.9166666666666666
16327,12575,2022-05-08,2022-07-30,207000,Full,2,967.0,0.9953285024154589
22023,37101,2023-04-19,2023-07-31,75000,Full,4,45.0,0.9994
20664,38258,2023-03-13,2023-06-30,325000,Full,5,9263.0,0.9714984615384615
19309,36825,2022-11-16,2023-02-17,326192,Full,4,1659.0,0.994914038357777
20662,38252,2023-03-13,2023-07-03,325000,Full,5,303.0,0.9990676923076923
13308,27104,2021-11-26,2022-02-04,423384,Full,2,1044.0,0.9975341533926648
26246,44483,2023-09-27,2023-12-28,499800,Full,4,11866.0,0.9762585034013606
17330,20733,2022-07-16,2022-09-07,107445,Full,1,37133.0,0.6543999255433013
9990,23678,2021-05-20,2021-07-10,100000,Full,1,10800.0,0.892
19313,36829,2022-11-15,2023-02-19,312076,Full,4,3954.0,0.9873300093566951
17718,25398,2022-08-13,2022-10-21,235000,Full,2,26403.0,0.8876468085106383
24694,42843,2023-08-05,2023-11-20,232083,Full,5,15986.0,0.9311194701895442
16049,31475,2022-06-02,2022-08-05,194392,Full,2,15226.0,0.9216737314292769
16267,32210,2022-05-24,2022-07-28,130000,Full,1,22837.0,0.8243307692307692
17747,20918,2022-07-19,2022-10-17,281884,Full,4,3437.0,0.9878070411942501
25552,43467,2023-07-27,2023-10-05,45000,Full,1,4820.0,0.8928888888888888
7276,19171,2020-12-23,2021-03-27,75000,Full,2,44211.0,0.41052
16154,31442,2022-05-13,2022-06-30,168633,Full,1,63312.0,0.6245574709576418
8008,18352,2021-02-04,2021-04-27,614250,Full,3,3000.0,0.9951159951159951
24206,38744,2023-07-14,2023-10-26,195156,Full,2,3890.0,0.9800672282686671
19366,31462,2022-11-18,2023-02-03,333200,Full,2,546.0,0.9983613445378151
25361,42210,2023-10-16,2024-01-31,204000,Full,3,2701.0,0.9867598039215686
21688,38744,2023-04-06,2023-06-10,230826,Full,1,66000.0,0.7140703386966807
18133,34429,2022-09-19,2022-11-12,112560,Full,1,488.0,0.9956645344705046
18403,32246,2022-09-19,2022-12-16,200000,Full,1,36615.0,0.816925
18902,35496,2022-10-15,2023-02-02,379260,Full,1,111671.0,0.7055555555555555
27974,46158,2023-12-28,2024-03-13,136154,Full,2,1205.0,0.9911497275144322
23710,41768,2023-07-08,2023-11-26,174000,Full,5,6108.0,0.9648965517241379
26253,44474,2023-09-23,2023-12-13,500400,Full,1,114500.0,0.7711830535571542
16803,32196,2022-06-24,2022-08-27,100000,Full,1,9712.0,0.90288
14614,23082,2022-02-16,2022-05-21,60000,Full,2,48.0,0.9992
24775,42830,2023-08-10,2023-11-12,224208,Full,5,17920.0,0.920074216798687
23699,41758,2023-07-08,2023-11-19,180000,Full,3,5509.0,0.9693944444444444
19077,32196,2022-10-23,2022-12-21,145000,Full,1,1085.0,0.9925172413793103
15493,31454,2022-05-11,2022-07-22,194122,Full,1,2272.0,0.9882960200286418
15067,12273,2022-04-11,2022-06-25,75900,Full,1,191.0,0.9974835309617919
17730,20903,2022-07-20,2022-10-26,387980,Full,3,2398.0,0.9938192690344864
23371,41507,2023-05-16,2023-08-14,490000,Full,5,45.0,0.9999081632653061
16755,32198,2022-06-21,2022-09-09,125000,Full,1,31425.0,0.7485999999999999
17201,32183,2022-07-13,2022-09-09,200000,Full,1,21091.0,0.894545
17191,25771,2022-08-06,2022-12-03,125000,Full,4,484.0,0.996128
22688,38480,2023-05-28,2023-09-01,46000,Full,3,156.0,0.9966086956521739
23711,41769,2023-07-08,2023-11-14,154000,Full,3,10918.0,0.9291038961038961
16329,12539,2022-05-08,2022-08-12,207000,Full,3,1497.0,0.992768115942029
17627,34312,2022-08-19,2022-10-09,110502,Full,1,6518.0,0.9410146422689182
25579,43813,2023-09-18,2023-11-09,25500,Full,1,2400.0,0.9058823529411765
24091,39157,2023-08-01,2023-10-11,349740,Full,1,12478.0,0.9643220678218105
26445,41397,2023-12-21,2024-04-01,375000,Full,3,18421.0,0.9508773333333334
28943,44548,2024-01-19,2024-03-19,287147,Full,2,2240.0,0.99219911752517
22068,38592,2023-04-26,2023-06-12,125000,Full,1,210.0,0.99832
17745,20916,2022-07-19,2022-10-21,326392,Full,4,2832.0,0.9913233167479595
15853,32370,2022-05-25,2022-09-03,100000,Full,1,7616.0,0.92384
16052,31478,2022-06-03,2022-08-05,202742,Full,1,37246.0,0.8162886821674837
15784,32271,2022-04-19,2022-06-03,100000,Full,1,26000.0,0.74
24543,41485,2023-08-04,2023-10-13,336700,Full,1,11909.0,0.9646302346302347
24089,39155,2023-08-01,2023-10-06,356265,Full,1,36207.0,0.8983705949223191
16323,32234,2022-05-30,2022-09-13,250000,Full,4,1740.0,0.99304
24090,39156,2023-08-01,2023-10-06,343215,Full,1,26177.0,0.9237300234546858
15983,32212,2022-05-13,2022-08-13,180000,Full,1,14675.0,0.9184722222222222
22510,33847,2023-05-21,2023-09-24,137000,Full,3,1350.0,0.9901459854014598
16328,12537,2022-05-08,2022-08-12,207000,Full,3,2622.0,0.9873333333333333
26049,39087,2023-10-02,2023-11-26,50000,Full,3,2167.0,0.95666
26448,41400,2023-12-23,2024-03-31,375000,Full,5,13966.0,0.9627573333333334
29579,35864,2024-02-15,2024-03-26,50000,Full,2,3535.0,0.9293
23701,41759,2023-07-08,2023-11-20,190000,Full,3,12045.0,0.9366052631578947
22613,39087,2023-05-24,2023-07-27,50000,Full,1,8735.0,0.8253
19238,35565,2022-11-14,2023-02-12,210000,Full,2,10436.0,0.9503047619047619
16278,32953,2022-05-24,2022-08-04,600000,Full,3,17105.0,0.9714916666666666
22895,39671,2023-05-31,2023-08-03,110830,Full,1,1482.0,0.9866281692682487
27146,44566,2023-11-01,2024-01-11,160000,Full,1,30608.0,0.8087
17738,20909,2022-07-20,2022-10-20,356850,Full,4,2833.0,0.992061090093877
11509,23700,2021-08-17,2021-10-17,90000,Full,1,478.0,0.9946888888888888
15778,32259,2022-04-07,2022-07-01,150000,Full,3,1688.0,0.9887466666666667
18140,32259,2022-09-05,2022-11-08,150000,Full,2,512.0,0.9965866666666666
24301,38158,2023-07-18,2023-10-17,350000,Full,4,32942.0,0.90588
19676,32955,2022-09-14,2022-12-05,300000,Full,2,2905.0,0.9903166666666666
20616,38367,2023-02-26,2023-05-01,240000,Full,1,84900.0,0.64625
27255,45206,2023-10-23,2023-12-05,51000,Full,1,785.0,0.9846078431372549
20886,38479,2023-02-15,2023-04-25,50000,Full,1,97.0,0.99806
19124,36656,2022-10-21,2022-12-23,35000,Full,1,884.0,0.9747428571428571
18545,34535,2022-09-28,2022-11-07,25000,Full,1,105.0,0.9958
23735,41859,2023-07-01,2023-09-19,277750,Full,2,34086.0,0.8772781278127812
22845,29433,2023-05-08,2023-07-06,85000,Full,1,3485.0,0.959
18674,33526,2022-10-10,2023-01-31,291195,Full,4,11393.0,0.9608750150242964
17537,32300,2022-08-03,2022-10-13,100000,Full,1,1332.0,0.98668
14345,30343,2022-02-15,2022-04-24,3000,Full,6,56.0,0.9813333333333333
18253,35546,2022-09-09,2022-11-28,250000,Full,1,8915.0,0.96434
18324,33007,2022-09-15,2022-11-05,125000,Full,1,28258.0,0.773936
21269,39153,2023-03-18,2023-06-07,450000,Full,2,35208.0,0.92176
18877,36293,2022-10-14,2023-02-02,340200,Full,1,110053.0,0.6765049970605526
13166,20731,2021-11-15,2022-01-16,100800,Full,1,22.0,0.9997817460317461
11225,25354,2021-07-30,2021-10-19,90000,Full,3,3283.0,0.9635222222222222
7289,19190,2020-12-23,2021-03-17,75000,Full,2,43683.0,0.41756000000000004
19253,35568,2022-11-14,2023-02-07,300000,Full,2,5189.0,0.9827033333333334
27700,38258,2023-11-29,2024-01-08,325000,Full,1,18312.0,0.9436553846153846
19322,36838,2022-11-16,2023-02-14,326192,Full,4,5130.0,0.9842730661696178
19307,36823,2022-11-16,2023-02-09,326192,Full,3,11310.0,0.9653271692745377
26845,38504,2023-10-20,2023-11-28,102400,Full,1,350.0,0.99658203125
28611,38791,2023-12-28,2024-02-23,75000,Full,1,510.0,0.9932
18367,35754,2022-10-30,2023-01-05,250000,Full,1,6473.0,0.974108
21022,30609,2023-03-11,2023-05-08,250000,Full,1,7663.0,0.969348
23707,41765,2023-07-08,2023-11-13,174000,Full,3,12410.0,0.9286781609195403
19871,5,2023-01-07,2023-04-11,180000,Full,8,27841.0,0.8453277777777778
25143,43248,2023-08-19,2023-11-15,537209,Full,2,20850.0,0.9611882898462237
19324,36840,2022-11-16,2023-01-24,326192,Full,3,4937.0,0.9848647422377005
16337,12550,2022-05-08,2022-07-30,245000,Full,2,18.0,0.9999265306122449
8259,20257,2021-02-25,2021-06-13,597864,Full,2,5748.0,0.9903857733531372
25553,43468,2023-07-27,2023-10-05,45000,Full,1,646.0,0.9856444444444444
18671,33523,2022-10-10,2023-01-30,412711,Full,3,4732.0,0.9885343497023341
7606,19582,2021-02-23,2021-06-10,756750,Full,1,31840.0,0.9579253386190948
19297,36813,2022-11-15,2023-02-17,312047,Full,4,5958.0,0.980906722384769
27960,46140,2023-12-04,2024-02-10,110000,Full,2,1320.0,0.988
26449,41401,2023-12-21,2024-04-02,375000,Full,3,21040.0,0.9438933333333334
20150,37060,2023-01-11,2023-04-14,240000,Full,2,54360.0,0.7735
29450,45621,2024-02-07,2024-03-17,195000,Full,2,9368.0,0.9519589743589744
19320,36836,2022-11-16,2023-01-25,326192,Full,3,6734.0,0.979355716878403
29244,47090,2023-12-18,2024-03-16,113000,Full,4,960.0,0.9915044247787611
16158,31446,2022-05-13,2022-07-23,176859,Full,1,74032.0,0.5814066572806587
26248,44479,2023-09-25,2023-12-15,500800,Full,2,7519.0,0.9849860223642173
27563,43468,2023-10-23,2023-12-01,34000,Full,1,1600.0,0.9529411764705882
8007,18351,2021-02-04,2021-04-28,655830,Full,3,126668.0,0.8068584846682829
17752,20922,2022-07-19,2022-10-18,330120,Full,4,2938.0,0.9911002059857021
16047,31473,2022-06-02,2022-07-29,198528,Full,1,26607.0,0.8659786025145068
24777,42832,2023-08-10,2023-11-18,226284,Full,5,10279.0,0.9545747821321878
12504,19650,2021-10-08,2022-01-05,100000,Full,4,9800.0,0.902
25585,43815,2023-09-18,2023-10-30,32000,Full,1,1120.0,0.965
16293,32337,2022-05-27,2022-09-03,110000,Full,4,665.0,0.9939545454545454
17233,18209,2022-07-15,2022-10-14,400000,Full,2,20788.0,0.94803
20848,33025,2023-02-09,2023-04-06,588000,Full,1,183130.0,0.6885544217687074
16709,13250,2022-06-30,2022-10-12,175000,Full,2,22.0,0.9998742857142857
10384,24195,2021-06-18,2021-07-25,70000,Full,1,10000.0,0.8571428571428572
15514,31469,2022-04-19,2022-07-26,178178,Full,1,1324.0,0.9925692285242848
22532,7385,2023-05-14,2023-06-30,302049,Full,1,27136.0,0.9101602720088462
18277,31443,2022-10-16,2023-01-12,290400,Full,3,225.0,0.9992252066115702
15790,32230,2022-03-03,2022-06-12,150000,Full,4,2124.0,0.98584
17325,20729,2022-07-16,2022-09-07,99985,Full,1,45752.0,0.5424113617042556
22268,38758,2023-05-05,2023-06-27,240792,Full,1,9760.0,0.9594670919299645
19049,33025,2022-10-22,2023-01-10,528000,Full,1,2709.0,0.9948693181818182
23121,13250,2023-06-29,2023-10-21,199708,Full,1,5005.0,0.974938410078715
27205,45207,2023-11-05,2024-02-22,125000,Full,3,550.0,0.9956
20610,38364,2023-02-26,2023-05-13,240000,Full,2,85093.0,0.6454458333333333
26048,38700,2023-10-02,2023-12-01,50000,Full,3,14.0,0.99972
23127,40726,2023-06-11,2023-09-27,409400,Full,5,35700.0,0.9127992183683439
24770,42918,2023-07-29,2023-11-20,208280,Full,4,4206.0,0.979806030343768
25945,41172,2023-09-08,2023-11-28,300000,Full,2,375.0,0.99875
15495,31456,2022-05-11,2022-07-23,184676,Full,1,46508.0,0.7481643527041955
16712,13252,2022-06-30,2022-10-11,175000,Full,2,3.0,0.9999828571428572
24053,38265,2023-08-08,2023-10-19,325000,Full,1,10203.0,0.9686061538461539
24300,38157,2023-07-18,2023-10-17,400000,Full,4,55480.0,0.8613
15462,21234,2022-05-27,2022-08-28,113400,Full,1,120.0,0.9989417989417989
17727,20900,2022-07-20,2022-10-26,408400,Full,3,2530.0,0.9938050930460333
20660,38250,2023-03-13,2023-07-01,325000,Full,5,5465.0,0.9831846153846154
19369,31465,2022-11-16,2023-02-04,365310,Full,2,3612.0,0.9901125071856779
16424,32251,2022-06-03,2022-07-28,100000,Full,1,1850.0,0.9815
10241,23715,2021-06-11,2021-09-08,80000,Full,2,2640.0,0.967
22534,7383,2023-05-14,2023-07-02,216621,Full,1,27860.0,0.8713882772215067
27549,44212,2023-11-17,2024-02-18,85435,Full,3,2043.0,0.9760870837478786
12705,24758,2021-10-22,2022-02-15,120000,Full,3,763.0,0.9936416666666666
24041,38250,2023-08-08,2023-10-18,325000,Full,1,20652.0,0.9364553846153846
19629,34032,2022-11-21,2023-01-27,50000,Full,2,540.0,0.9892
24546,41488,2023-08-05,2023-10-01,280800,Full,1,9311.0,0.966841168091168
7273,19168,2020-12-23,2021-03-27,75000,Full,2,43680.0,0.41759999999999997
15507,31462,2022-04-18,2022-07-09,191425,Full,2,27594.0,0.8558495494318924
19296,36812,2022-11-15,2023-02-19,312016,Full,3,6312.0,0.9797702681913748
20405,38094,2023-01-12,2023-03-31,144000,Full,4,3120.0,0.9783333333333333
27415,41405,2023-12-21,2024-04-02,375000,Full,3,19273.0,0.9486053333333333
7605,19580,2021-02-20,2021-06-19,524394,Full,3,10068.0,0.9808006956601334
18059,31258,2022-08-29,2022-10-29,444690,Full,3,48.0,0.9998920596370505
16334,12545,2022-05-08,2022-08-12,255000,Full,3,4139.0,0.9837686274509804
17402,31820,2022-07-24,2022-10-14,400000,Full,1,50084.0,0.87479
25442,43457,2023-08-21,2023-11-02,45000,Full,1,1200.0,0.9733333333333334
24043,38252,2023-08-08,2023-10-20,325000,Full,1,3812.0,0.9882707692307693
24541,41483,2023-08-04,2023-10-14,451440,Full,1,2429.0,0.9946194400141769
18431,33536,2022-06-17,2022-09-10,500000,Full,1,19515.0,0.96097
7293,19198,2020-12-23,2021-03-17,75000,Full,2,43683.0,0.41756000000000004
18669,33521,2022-10-10,2023-01-29,366854,Full,3,5674.0,0.9845333565941764
18241,35534,2022-08-26,2022-11-10,176800,Full,1,78837.0,0.5540893665158371
18129,34432,2022-09-19,2022-11-12,123816,Full,1,396.0,0.9968017057569296
20404,35534,2023-01-12,2023-04-15,169600,Full,5,6142.0,0.9637853773584906
24685,42865,2023-08-05,2023-12-05,95436,Full,5,9095.0,0.9047005322938932
19066,31877,2022-11-05,2023-01-03,315000,Full,1,38120.0,0.878984126984127
15504,31877,2022-05-11,2022-07-14,194122,Full,1,26860.0,0.8616334057963548
15769,32236,2022-03-10,2022-06-25,125000,Full,4,23.0,0.999816
25443,43453,2023-07-24,2023-10-09,40000,Full,1,390.0,0.99025
17884,31252,2022-08-20,2022-10-19,564480,Full,1,11718.0,0.9792410714285714
16142,32218,2022-05-21,2022-07-27,147000,Full,1,12518.0,0.9148435374149659
28793,46910,2024-01-11,2024-02-25,50000,Full,1,690.0,0.9862
23069,41173,2023-05-27,2023-08-17,280000,Full,1,3505.0,0.9874821428571429
15766,32195,2022-04-02,2022-07-05,200000,Full,3,7412.0,0.96294
15015,31256,2022-03-30,2022-06-10,270900,Full,2,12500.0,0.9538575119970469
23742,41855,2023-07-02,2023-09-14,295400,Full,1,37598.0,0.8727217332430602
11789,16716,2021-09-05,2021-11-27,70000,Full,2,158.0,0.9977428571428572
17307,34395,2022-07-09,2022-09-26,160000,Full,1,500.0,0.996875
28609,34025,2023-12-28,2024-03-11,50000,Full,3,1180.0,0.9764
15763,32221,2022-04-13,2022-07-04,150000,Full,1,34872.0,0.76752
17744,20915,2022-07-19,2022-10-23,326392,Full,4,3641.0,0.9888447020760313
18467,32218,2022-09-23,2022-12-02,147000,Full,1,21000.0,0.8571428571428572
24776,42831,2023-08-10,2023-11-05,226284,Full,5,18368.0,0.9188276678863729
22318,34025,2023-05-10,2023-09-01,50000,Full,6,311.0,0.99378
23732,41856,2023-07-01,2023-09-19,377740,Full,2,39510.0,0.8954042463069837
24766,42914,2023-07-17,2023-11-10,394394,Full,5,5093.0,0.9870865175433703
21271,39155,2023-03-18,2023-06-07,450000,Full,2,37843.0,0.9159044444444444
21273,39157,2023-03-18,2023-06-06,450000,Full,2,74895.0,0.8335666666666667
27550,44213,2023-11-17,2024-02-18,61025,Full,3,1113.0,0.9817615731257682
15213,31329,2022-03-20,2022-07-04,1272,Full,1,198.0,0.8443396226415094
19671,3,2022-12-15,2023-03-15,192000,Full,3,88544.0,0.5388333333333333
17188,3,2022-08-06,2022-10-15,132000,Full,1,17222.0,0.869530303030303
8005,18349,2021-02-05,2021-04-16,662300,Full,2,114194.0,0.8275796466857919
18678,33530,2022-10-10,2023-01-31,407673,Full,2,8135.0,0.9800452813897413
18149,33136,2022-06-09,2022-08-25,300000,Full,1,12356.0,0.9588133333333333
19319,36835,2022-11-15,2023-01-24,283098,Full,4,3363.0,0.9881207214462836
26254,44475,2023-09-23,2023-11-10,500400,Full,1,259952.0,0.4805115907274181
23122,13251,2023-06-29,2023-10-21,199708,Full,1,15258.0,0.923598453742464
15789,32244,2022-04-29,2022-07-22,75000,Full,1,2454.0,0.96728
24691,42840,2023-08-05,2023-12-04,266787,Full,6,18905.0,0.9291382263753482
27150,44585,2023-11-01,2024-01-10,80000,Full,1,19173.0,0.7603375
16059,32643,2022-05-18,2022-07-31,500000,Full,1,34393.0,0.931214
25617,41646,2023-09-19,2023-11-06,386400,Full,3,40668.0,0.894751552795031
21697,38751,2023-04-06,2023-06-10,221236,Full,1,4995.0,0.9774223001681462
15942,32505,2022-04-29,2022-07-22,75000,Full,1,692.0,0.9907733333333333
17624,34309,2022-08-19,2022-10-26,102609,Full,2,1146.0,0.9888313890594392
26798,44945,2023-09-28,2023-12-02,42500,Full,1,499.0,0.9882588235294117
16711,13251,2022-06-30,2022-10-11,175000,Full,2,4.0,0.9999771428571429
24769,42917,2023-07-29,2023-11-10,180400,Full,4,3887.0,0.9784534368070954
23704,41762,2023-07-08,2023-11-13,168000,Full,3,6926.0,0.9587738095238095
16335,12548,2022-05-08,2022-07-30,207000,Full,2,5.0,0.999975845410628
13451,28946,2021-11-18,2022-02-17,184128,Full,3,10409.0,0.9434686739659367
8266,20323,2021-02-21,2021-06-14,496200,Full,2,1776.0,0.9964207980652963
20846,25579,2023-02-09,2023-04-05,282000,Full,1,2302.0,0.9918368794326241
27605,41062,2023-11-05,2024-02-07,100000,Full,3,13.0,0.99987
27153,44587,2023-11-01,2024-01-10,112500,Full,1,25094.0,0.7769422222222222
29213,47109,2024-01-18,2024-03-23,130240,Full,1,5638.0,0.9567106879606879
17732,20904,2022-07-20,2022-10-20,198250,Full,4,4100.0,0.9793190416141235
16051,31477,2022-06-02,2022-08-12,66176,Full,2,3351.0,0.9493623065764023
15006,31247,2022-03-30,2022-06-18,144900,Full,2,4481.0,0.9690752242926156
20076,35778,2022-08-28,2022-12-03,180000,Full,2,4147.0,0.9769611111111111
18607,31445,2022-10-16,2023-01-11,290400,Full,3,2312.0,0.9920385674931129
18621,35987,2022-06-04,2022-08-23,100000,Full,1,1988.0,0.98012
18615,32639,2022-10-17,2022-12-19,230490,Full,1,54917.0,0.7617380363573257
16166,32639,2022-05-13,2022-07-22,160407,Full,1,99784.0,0.3779323844969359
26247,44481,2023-09-27,2023-12-14,499800,Full,2,17975.0,0.9640356142456983
15219,31335,2022-03-20,2022-07-04,3179,Full,1,11.0,0.9965397923875432
18829,32400,2022-10-13,2022-11-28,175000,Full,1,41129.0,0.7649771428571428
24040,38249,2023-08-08,2023-10-18,325000,Full,1,22226.0,0.9316123076923077
17403,22418,2022-07-24,2022-10-15,250000,Full,2,11961.0,0.952156
27695,38249,2023-11-29,2024-01-12,325000,Full,1,46959.0,0.8555107692307693
15813,32301,2022-03-24,2022-06-24,100000,Full,2,3972.0,0.96028
20658,38248,2023-03-13,2023-06-30,325000,Full,6,14097.0,0.9566246153846154
17042,32301,2022-07-03,2022-09-07,80000,Full,1,4519.0,0.9435125
18832,30607,2022-10-25,2023-01-16,270000,Full,2,51120.0,0.8106666666666666
20618,38369,2023-03-03,2023-04-16,240000,Full,1,55721.0,0.7678291666666667
22896,39672,2023-05-31,2023-09-05,110830,Full,3,216.0,0.9980510692050889
26258,44494,2023-09-30,2023-12-24,499800,Full,3,2499.0,0.995
20659,38249,2023-03-13,2023-07-03,325000,Full,5,741.0,0.99772
25444,43454,2023-07-24,2023-10-09,40000,Full,1,626.0,0.98435
20661,38251,2023-03-13,2023-07-03,325000,Full,5,161.0,0.9995046153846154
22898,39673,2023-05-31,2023-09-05,110830,Full,3,3823.0,0.965505729495624
24765,42913,2023-07-17,2023-10-06,393302,Full,3,14583.0,0.9629216225699335
26450,41402,2023-12-23,2024-03-30,375000,Full,4,25508.0,0.9319786666666666
15498,31459,2022-05-12,2022-07-22,187340,Full,1,62289.0,0.6675082737269136
17050,34072,2022-04-13,2022-06-28,446752,Full,1,431324.0,0.03453370102428188
17187,2,2022-08-06,2022-10-03,84000,Full,1,11390.0,0.8644047619047619
20151,37061,2023-01-11,2023-04-14,240000,Full,2,33739.0,0.8594208333333333
24047,38260,2023-08-08,2023-10-20,325000,Full,1,17997.0,0.9446246153846154
19078,32197,2022-10-23,2022-12-21,145000,Full,1,9404.0,0.9351448275862069
19874,8,2023-01-07,2023-04-11,180000,Full,8,41010.0,0.7721666666666667
24092,39158,2023-08-01,2023-10-18,339300,Full,2,11025.0,0.9675066312997348
24808,42953,2023-08-07,2023-10-15,15000,Full,2,854.0,0.9430666666666667
16271,32938,2022-05-25,2022-07-31,175000,Full,1,610.0,0.9965142857142857
15502,31875,2022-05-11,2022-07-23,191416,Full,1,1342.0,0.9929890918209554
15802,32197,2022-05-15,2022-08-27,130000,Full,6,64.0,0.9995076923076923
16563,32245,2022-06-09,2022-09-19,100000,Full,2,10926.0,0.89074
25551,43469,2023-07-24,2023-10-17,80000,Full,1,950.0,0.988125
27151,44588,2023-11-01,2024-01-04,120000,Full,1,36797.0,0.6933583333333333
16588,33297,2022-06-12,2022-08-07,150000,Full,2,8160.0,0.9456
27416,45266,2023-12-23,2024-03-30,375000,Full,3,20066.0,0.9464906666666667
21026,38514,2023-02-26,2023-04-07,20000,Full,1,6900.0,0.655
17189,4,2022-08-06,2022-10-03,132000,Full,1,29045.0,0.7799621212121213
25580,43814,2023-09-18,2023-11-09,25500,Full,1,900.0,0.9647058823529412
24764,42912,2023-07-17,2023-10-07,386204,Full,4,11058.0,0.9713674638274072
20835,35864,2023-02-11,2023-04-23,75000,Full,1,4304.0,0.9426133333333333
17364,32189,2022-07-23,2022-10-16,180000,Full,1,16711.0,0.9071611111111111
26682,44805,2023-10-12,2024-02-04,1200000,Full,5,136.0,0.9998866666666667
24052,38264,2023-08-08,2023-10-22,263250,Full,1,197.0,0.9992516619183286
14097,4,2022-01-25,2022-04-14,133000,Full,2,4686.0,0.964766917293233
27706,38264,2023-11-30,2024-01-24,263250,Full,1,34725.0,0.868091168091168
19672,4,2022-12-15,2023-02-25,192000,Full,2,24499.0,0.8724010416666667
23705,41763,2023-07-08,2023-11-18,168000,Full,3,6985.0,0.958422619047619
22522,7382,2023-05-14,2023-06-24,302049,Full,1,36768.0,0.8782714062950051
25707,43134,2023-09-22,2023-11-25,350000,Full,3,106736.0,0.69504
24207,38745,2023-07-14,2023-09-20,242138,Full,1,4408.0,0.9817955050425791
25187,43377,2023-08-27,2023-12-20,185333,Full,3,54363.0,0.7066739328667857
26245,44482,2023-09-27,2023-12-15,499800,Full,2,10894.0,0.978203281312525
18608,31446,2022-10-17,2022-12-06,265950,Full,1,70865.0,0.7335401391238955
16167,32640,2022-05-15,2022-07-24,136318,Full,1,53808.0,0.6052758990008656
18370,35757,2022-09-27,2022-11-20,350000,Full,1,1679.0,0.9952028571428572
19370,31466,2022-11-16,2023-02-03,365310,Full,2,2611.0,0.9928526456981741
17729,20902,2022-07-20,2022-10-24,347140,Full,4,4870.0,0.9859710779512588
19294,36811,2022-11-15,2023-02-17,312047,Full,3,10821.0,0.9653225315417229
24544,41486,2023-08-05,2023-10-14,334800,Full,1,3871.0,0.9884378733572282
27544,12688,2023-11-16,2024-01-14,80000,Full,2,10442.0,0.869475
18148,32319,2022-06-09,2022-08-15,500000,Full,1,6616.0,0.986768
24767,42915,2023-07-29,2023-11-20,208280,Full,4,2163.0,0.9896149414250048
18670,33522,2022-10-10,2022-12-22,364943,Full,3,3060.0,0.9916151289379437
24774,42829,2023-08-10,2023-11-17,224208,Full,3,11643.0,0.9480705416399058
15786,32246,2022-04-27,2022-06-22,200000,Full,1,56294.0,0.71853
18103,32188,2022-09-03,2022-10-27,135000,Full,1,205.0,0.9984814814814815
28721,39070,2024-01-06,2024-02-05,75000,Full,1,15750.0,0.79
15511,31466,2022-04-18,2022-07-25,213590,Full,2,1732.0,0.991891006133246
15836,32306,2022-04-15,2022-07-22,175000,Full,4,10.0,0.9999428571428571
7277,19172,2020-12-23,2021-03-17,75000,Full,2,43683.0,0.41756000000000004
17726,34977,2022-07-20,2022-10-19,317200,Full,4,3598.0,0.988656998738966
29216,47107,2024-01-18,2024-03-23,118180,Full,1,1743.0,0.9852513115586393
16575,33270,2022-06-11,2022-09-17,110000,Full,5,530.0,0.9951818181818182
20027,37589,2022-12-20,2023-04-13,321840,Full,5,14809.0,0.9539864528958488
15783,32272,2022-04-19,2022-06-03,100000,Full,2,27000.0,0.73
19310,36826,2022-11-15,2023-02-10,300222,Full,3,9769.0,0.9674607457148376
26061,44150,2023-10-02,2024-02-17,109136,Full,4,25597.0,0.7654577774519865
14045,29636,2022-01-22,2022-04-27,156000,Full,4,440.0,0.9971794871794872
19304,36820,2022-11-15,2023-01-24,285670,Full,3,7878.0,0.972422725522456
22265,38736,2023-05-05,2023-07-29,350520,Full,2,4250.0,0.9878751569097342
18134,34427,2022-09-19,2022-11-12,116312,Full,1,499.0,0.9957098149803976
27975,46159,2023-12-28,2024-03-13,123586,Full,2,1615.0,0.9869321767837781
25708,43135,2023-09-22,2023-11-25,350000,Full,3,124729.0,0.6436314285714286
26250,44471,2023-09-25,2023-12-26,500800,Full,3,531.0,0.998939696485623
16055,31481,2022-06-02,2022-08-05,182112,Full,1,26050.0,0.8569561588473027
11042,23717,2021-07-22,2021-10-01,100000,Full,3,11306.0,0.8869400000000001
23733,41857,2023-07-01,2023-09-03,324412,Full,1,38665.0,0.8808151363081513
15515,31470,2022-04-18,2022-07-25,197470,Full,3,213.0,0.9989213551425533
24948,38470,2023-08-18,2023-11-10,75000,Full,3,60.0,0.9992
19373,31470,2022-11-19,2022-12-30,349500,Full,1,167858.0,0.5197195994277539
16384,32261,2022-06-01,2022-08-10,50000,Full,1,10.0,0.9998
15505,31878,2022-05-12,2022-07-23,183464,Full,1,8734.0,0.9523939301443335
15935,32190,2022-04-24,2022-06-09,100000,Full,1,7610.0,0.9238999999999999
16485,30308,2022-05-22,2022-08-24,240000,Full,2,23014.0,0.9041083333333333
19534,37063,2022-12-04,2023-04-18,160000,Full,5,7114.0,0.9555375
13791,28942,2021-11-18,2022-02-17,200000,Full,3,1868.0,0.99066
19654,33502,2022-10-24,2022-12-16,500000,Full,1,17010.0,0.96598
20770,38475,2023-02-12,2023-04-24,120000,Full,1,4211.0,0.9649083333333334
22452,40440,2023-05-17,2023-07-10,500000,Full,1,2765.0,0.99447
26060,44149,2023-10-02,2024-02-24,140532,Full,5,15403.0,0.890395070161956
26238,44489,2023-09-30,2023-12-18,499800,Full,2,7257.0,0.9854801920768307
23738,41851,2023-07-02,2023-09-21,289800,Full,2,21359.0,0.9262974465148378
28719,43774,2023-12-24,2024-02-24,120000,Full,1,6010.0,0.9499166666666666
24773,42828,2023-08-10,2023-11-02,226284,Full,3,18526.0,0.9181294302734617
24049,38261,2023-08-08,2023-10-20,325000,Full,1,2155.0,0.9933692307692308
15750,32214,2022-04-20,2022-06-26,130000,Full,1,3450.0,0.9734615384615385
18833,30608,2022-10-25,2023-01-15,270000,Full,2,15686.0,0.9419037037037037
20667,38261,2023-03-14,2023-07-01,325000,Full,5,7414.0,0.9771876923076923
16340,12546,2022-05-08,2022-08-13,237000,Full,3,945.0,0.9960126582278481
16162,31450,2022-05-13,2022-07-14,160407,Full,1,35799.0,0.7768239540668425
13024,24759,2021-11-07,2022-02-19,65000,Full,3,116.0,0.9982153846153846
19301,36817,2022-11-15,2023-01-31,283098,Full,3,4834.0,0.9829246409370607
26446,41398,2023-12-23,2024-03-31,375000,Full,3,10874.0,0.9710026666666667
17126,34186,2022-07-07,2022-09-20,180000,Full,1,336.0,0.9981333333333333
19316,36832,2022-11-15,2023-01-25,283096,Full,3,6020.0,0.9787351287195862
15215,31331,2022-03-20,2022-07-04,1908,Full,1,40.0,0.9790356394129979
25146,43251,2023-08-20,2023-11-25,525299,Full,3,15660.0,0.9701884069834513
26257,44478,2023-09-23,2023-12-05,500400,Full,1,57933.0,0.8842266187050359
20026,37588,2022-12-20,2023-04-13,321840,Full,5,17598.0,0.9453206562266965
16339,12547,2022-05-08,2022-08-13,246000,Full,3,13187.0,0.9463943089430894
25182,30170,2023-08-27,2024-01-04,185333,Full,5,1625.0,0.9912319986187026
16415,32226,2022-06-03,2022-08-23,90000,Full,1,3413.0,0.9620777777777778
18673,33525,2022-10-10,2022-12-23,364943,Full,3,8944.0,0.9754920631441074
21023,30607,2023-03-11,2023-05-08,250000,Full,1,38344.0,0.846624
12505,19651,2021-10-08,2022-01-05,100000,Full,4,6860.0,0.9314
16811,32400,2022-06-24,2022-08-24,200000,Full,1,49699.0,0.751505
24039,38248,2023-08-08,2023-10-18,325000,Full,1,23612.0,0.9273476923076923
16157,31445,2022-05-15,2022-07-23,161356,Full,1,83227.0,0.4842026326879695
16512,30607,2022-06-14,2022-09-18,250000,Full,2,3969.0,0.984124
19615,33946,2022-12-01,2023-02-19,400000,Full,6,73163.0,0.8170925
20586,38343,2023-01-28,2023-05-12,130000,Full,4,3588.0,0.9724
17880,31247,2022-08-20,2022-10-17,252672,Full,1,359.0,0.9985791856636271
17739,20910,2022-07-20,2022-10-25,178425,Full,3,1700.0,0.9904721871934987
17753,20923,2022-07-19,2022-10-24,322784,Full,4,3015.0,0.990659388321602
27083,45360,2023-11-02,2024-01-06,55000,Full,1,78.0,0.9985818181818182
18127,34428,2022-09-19,2022-11-12,116312,Full,1,692.0,0.9940504849026756
24507,37150,2023-07-29,2023-11-11,250000,Full,7,1067.0,0.995732
10196,24014,2021-04-30,2021-07-28,90000,Full,3,2000.0,0.9777777777777777
24690,42839,2023-08-05,2023-12-05,253773,Full,7,31063.0,0.8775953312606148
17814,16865,2022-08-09,2022-10-28,60000,Full,1,4205.0,0.9299166666666667
19065,31461,2022-11-05,2023-02-02,315000,Full,3,2.0,0.9999936507936508
19252,35567,2022-11-14,2023-02-12,300000,Full,2,38976.0,0.87008
25577,43811,2023-09-18,2023-11-13,37500,Full,1,1067.0,0.9715466666666667
18828,32228,2022-10-10,2022-12-10,181594,Full,1,1999.0,0.9889919270460478
24686,42866,2023-08-05,2023-11-27,97605,Full,4,14238.0,0.8541263254956201
19872,6,2023-01-07,2023-04-11,180000,Full,8,28082.0,0.8439888888888889
24054,38266,2023-08-08,2023-10-22,325000,Full,1,8157.0,0.9749015384615385
20672,38266,2023-03-14,2023-07-01,325000,Full,4,18899.0,0.9418492307692308
19306,36822,2022-11-16,2023-01-20,326192,Full,3,9142.0,0.9719735615833619
19518,13251,2022-11-29,2023-03-09,200000,Full,3,332.0,0.99834
17437,6,2022-08-25,2022-10-15,96000,Full,1,14944.0,0.8443333333333334
18130,34434,2022-09-19,2022-11-12,116312,Full,1,1195.0,0.9897259096223949
24570,38751,2023-08-02,2023-11-09,145336,Full,1,226.0,0.9984449826608686
14047,29869,2022-01-22,2022-04-15,143000,Full,3,2503.0,0.9824965034965035
25136,43241,2023-08-21,2023-11-14,436424,Full,2,33750.0,0.9226669477388961
19318,36834,2022-11-15,2023-01-18,341372,Full,2,14365.0,0.9579198059594811
17734,20906,2022-07-20,2022-10-19,376675,Full,4,7000.0,0.9814163403464525
16056,32642,2022-06-03,2022-08-05,150348,Full,1,23531.0,0.8434897703993403
17384,30786,2022-07-23,2022-10-07,627000,Full,4,196542.0,0.6865358851674641
10258,24120,2021-06-30,2021-08-21,40000,Full,1,7500.0,0.8125
15835,32305,2022-03-30,2022-07-09,150000,Full,3,356.0,0.9976266666666667
28035,43392,2023-12-10,2024-01-30,50000,Full,1,330.0,0.9934
18128,34431,2022-09-19,2022-11-12,123816,Full,1,584.0,0.9952833236415326
27705,38263,2023-11-30,2024-01-26,325000,Full,1,7440.0,0.9771076923076923
26447,41399,2023-12-21,2024-04-01,375000,Full,3,24368.0,0.9350186666666667
24569,38750,2023-08-02,2023-11-09,129624,Full,1,472.0,0.9963586990063569
24051,38263,2023-08-08,2023-10-21,325000,Full,1,6246.0,0.9807815384615385
15977,32186,2022-05-12,2022-08-23,220000,Full,3,1225.0,0.9944318181818181
11774,24569,2021-09-05,2021-11-27,92000,Full,3,8.0,0.9999130434782608
20800,38481,2023-01-15,2023-02-27,90000,Full,2,1.0,0.9999888888888889
19317,36833,2022-11-15,2023-01-25,283096,Full,4,9159.0,0.9676470172662277
15512,31467,2022-04-19,2022-07-12,178178,Full,3,1014.0,0.994309061724792
24261,42448,2023-06-15,2023-07-21,154080,Full,1,70713.0,0.5410630841121495
19873,7,2023-01-07,2023-03-15,180000,Full,4,41457.0,0.7696833333333333
16064,32219,2022-05-10,2022-06-12,100000,Full,1,5000.0,0.95
17439,8,2022-08-25,2022-10-15,96000,Full,1,7908.0,0.917625
16336,12549,2022-05-08,2022-08-13,246500,Full,3,2497.0,0.989870182555781
18513,33297,2022-09-26,2022-11-01,100000,Full,1,13035.0,0.86965
20666,38260,2023-03-14,2023-07-02,325000,Full,4,17866.0,0.9450276923076923
16298,32249,2022-05-27,2022-07-25,70000,Full,1,4579.0,0.9345857142857142
17438,7,2022-08-25,2022-10-15,96000,Full,1,9174.0,0.9044375
18447,34576,2022-06-30,2022-09-10,250000,Full,1,10091.0,0.959636
25586,43816,2023-09-18,2023-11-03,32000,Full,1,1230.0,0.9615625
17882,31250,2022-08-20,2022-10-17,431872,Full,1,10326.0,0.9760901378186129
18326,32192,2022-09-15,2022-11-05,100000,Full,1,19786.0,0.80214
16429,32192,2022-06-04,2022-08-13,125000,Full,1,2695.0,0.97844
19063,31459,2022-11-01,2023-02-01,281600,Full,1,11380.0,0.9595880681818182
19670,2,2022-12-15,2023-03-15,118000,Full,3,34342.0,0.7089661016949153
27414,41404,2023-12-23,2024-03-30,375000,Full,4,19976.0,0.9467306666666666
16137,32731,2022-05-19,2022-06-23,25000,Full,1,278.0,0.98888
26243,44484,2023-09-27,2023-12-16,501500,Full,2,798.0,0.9984087736789631
29212,47103,2024-01-18,2024-04-02,118180,Full,2,2213.0,0.981274327297343
24042,38251,2023-08-08,2023-10-21,325000,Full,1,2300.0,0.9929230769230769
15936,32498,2022-04-24,2022-08-08,100000,Full,4,4127.0,0.95873
16333,12544,2022-05-08,2022-08-12,273000,Full,3,1429.0,0.9947655677655678
21700,38755,2023-04-06,2023-05-30,312968,Full,1,6940.0,0.9778252089670509
18616,32640,2022-10-16,2023-01-12,244200,Full,3,2122.0,0.9913104013104013
16053,31479,2022-06-02,2022-07-16,182112,Full,1,21693.0,0.8808809963099631
18672,33524,2022-10-10,2023-01-30,363033,Full,3,20369.0,0.9438921530549564
19584,37128,2022-11-06,2023-01-31,285480,Full,1,126.0,0.9995586380832282
15762,32220,2022-04-13,2022-06-13,151000,Full,1,24653.0,0.8367350993377484
16661,33507,2022-06-14,2022-09-06,430000,Full,2,6000.0,0.986046511627907
15492,31453,2022-05-12,2022-07-16,179588,Full,1,24030.0,0.866193732320645
17733,20905,2022-07-20,2022-10-20,326720,Full,4,2700.0,0.9917360430950048
15756,32188,2022-03-29,2022-07-18,150000,Full,5,6479.0,0.9568066666666667
15494,31455,2022-05-13,2022-07-14,286720,Full,1,77918.0,0.7282435825892857
28852,43439,2024-01-26,2024-03-31,250000,Full,2,33310.0,0.86676
19321,36837,2022-11-16,2023-02-09,326192,Full,3,5151.0,0.984208686908324
17405,25400,2022-07-24,2022-10-15,200000,Full,2,4386.0,0.97807
7303,19206,2020-12-23,2021-03-17,75000,Full,2,43683.0,0.41756000000000004
23706,41764,2023-07-08,2023-11-15,154000,Full,3,6589.0,0.9572142857142857
14877,28942,2022-03-12,2022-05-22,150000,Full,3,625.0,0.9958333333333333
19368,31464,2022-11-16,2022-12-06,365310,Full,1,33200.0,0.9091182831020229
27551,44214,2023-11-17,2024-02-18,48820,Full,3,3230.0,0.9338385907414994
16161,31449,2022-05-15,2022-07-23,161356,Full,1,62920.0,0.6100547856912666
15509,31464,2022-04-18,2022-07-14,197470,Full,2,2223.0,0.9887425938117183
17749,20920,2022-07-19,2022-10-18,318974,Full,4,2842.0,0.9910901828989197
16573,32250,2022-06-11,2022-08-10,150000,Full,1,13400.0,0.9106666666666666
17746,20917,2022-07-19,2022-10-23,296720,Full,4,3708.0,0.9875033701806417
20669,38263,2023-03-14,2023-06-16,325000,Full,3,23314.0,0.9282646153846154
20617,38368,2023-03-03,2023-04-16,240000,Full,1,52872.0,0.7797000000000001
26242,44487,2023-09-30,2023-12-29,499800,Full,5,1348.0,0.9973029211684674
10763,24569,2021-07-03,2021-08-28,100000,Full,3,2213.0,0.97787
21182,38481,2023-03-12,2023-04-23,35000,Full,1,2660.0,0.924
21696,38750,2023-04-06,2023-06-10,199652,Full,1,28050.0,0.8595055396389718
15982,32211,2022-05-13,2022-08-13,180000,Full,1,1256.0,0.9930222222222223
20585,38342,2023-01-28,2023-05-07,120000,Full,4,3999.0,0.966675
17043,32228,2022-07-05,2022-09-09,150000,Full,1,166.0,0.9988933333333333
17885,31253,2022-08-20,2022-10-18,267008,Full,1,2433.0,0.9908879134707574
24762,42910,2023-07-17,2023-10-15,412776,Full,3,1785.0,0.9956756206756207
17728,20901,2022-07-20,2022-10-25,449240,Full,4,2796.0,0.9937761552844805
17717,22419,2022-08-12,2022-10-21,235000,Full,2,637.0,0.9972893617021277
18609,31447,2022-10-16,2023-01-12,290400,Full,3,4374.0,0.9849380165289257
16050,31476,2022-06-03,2022-08-12,195670,Full,2,16224.0,0.9170848878213318
12856,18392,2021-11-02,2021-12-22,360000,Full,1,56677.0,0.8425638888888889
15810,32299,2022-04-20,2022-06-26,180000,Full,1,1465.0,0.9918611111111111
17881,31249,2022-08-20,2022-10-18,564480,Full,2,6408.0,0.9886479591836734
16666,33516,2022-06-16,2022-09-06,170000,Full,2,13376.0,0.9213176470588236
22461,33169,2023-05-19,2023-07-01,225000,Full,2,130.0,0.9994222222222222
18676,33528,2022-10-10,2023-01-29,187248,Full,3,4236.0,0.9773775954883364
15500,31461,2022-05-12,2022-07-22,183464,Full,1,63639.0,0.6531254087995465
23739,41852,2023-07-02,2023-09-03,249200,Full,1,62623.0,0.7487038523274478
10195,24013,2021-06-16,2021-10-07,100000,Full,3,2115.0,0.97885
10737,12686,2021-06-12,2021-08-23,150000,Full,3,3936.0,0.97376
24761,42909,2023-07-17,2023-11-14,527618,Full,4,1252.0,0.9976270711006827
23025,32180,2023-06-08,2023-10-02,200000,Full,1,600.0,0.997
19312,36828,2022-11-15,2023-02-09,311922,Full,5,8084.0,0.974083264405845
17720,18213,2022-08-13,2022-10-22,400000,Full,3,56000.0,0.86
23703,41761,2023-07-08,2023-11-17,192000,Full,4,12629.0,0.9342239583333334
18675,33527,2022-10-10,2023-01-30,139773,Full,4,3446.0,0.9753457391627853
16159,31447,2022-05-15,2022-07-23,169702,Full,1,42314.0,0.7506570340950608
19298,36814,2022-11-15,2023-02-09,312047,Full,4,6277.0,0.979884440484927
27147,44515,2023-11-01,2024-01-11,140000,Full,1,1019.0,0.9927214285714285
15768,32228,2022-03-22,2022-05-29,140000,Full,1,91.0,0.99935
29393,37209,2024-02-09,2024-03-30,50000,Full,3,120.0,0.9976
24689,42838,2023-08-05,2023-12-05,253773,Full,5,19157.0,0.9245112758252454
17112,32213,2022-07-09,2022-09-13,200000,Full,1,1452.0,0.99274
29215,47108,2024-01-18,2024-04-02,118180,Full,2,2717.0,0.9770096463022508
23736,41860,2023-07-01,2023-09-03,342188,Full,1,77928.0,0.772265538242136
17468,34588,2022-07-28,2022-09-18,125000,Full,1,500.0,0.996
23740,41853,2023-07-02,2023-09-21,289800,Full,2,11047.0,0.9618806073153899
16428,32191,2022-06-04,2022-08-13,125000,Full,1,2450.0,0.9804
24446,38459,2023-07-26,2023-09-11,40000,Full,1,1575.0,0.960625
19311,36827,2022-11-15,2023-02-09,312047,Full,4,8987.0,0.971199851304451
17186,1,2022-08-06,2022-10-03,84000,Full,1,18002.0,0.7856904761904762
15516,31471,2022-04-19,2022-07-25,198768,Full,1,1171.0,0.9941087096514529
24257,42444,2023-06-15,2023-07-23,154080,Full,1,58387.0,0.6210604880581516
25145,43250,2023-08-20,2023-11-24,522153,Full,3,59276.0,0.8864777182166913
16294,32338,2022-05-27,2022-09-03,110000,Full,4,2154.0,0.9804181818181819
22329,38459,2023-05-10,2023-07-16,50000,Full,2,72.0,0.99856
17741,20912,2022-07-19,2022-10-17,307975,Full,4,3788.0,0.9877003003490543
17404,25399,2022-07-24,2022-10-15,200000,Full,1,4049.0,0.979755
15757,32187,2022-03-29,2022-07-18,150000,Full,5,270.0,0.9982
17883,31251,2022-08-20,2022-10-22,550144,Full,3,13582.0,0.9753119183341089
19669,1,2022-12-15,2023-03-15,118000,Full,3,18556.0,0.8427457627118644
20758,37073,2023-02-02,2023-03-26,75000,Full,1,2870.0,0.9617333333333333
16164,32637,2022-05-13,2022-07-24,154923,Full,1,161.0,0.9989607740619534
12484,19196,2021-10-08,2022-01-05,150000,Full,3,23371.0,0.8441933333333334
20798,38478,2023-01-15,2023-02-27,33000,Full,2,612.0,0.9814545454545455
26256,44477,2023-09-23,2023-12-13,500400,Full,1,1059.0,0.9978836930455636
8265,20322,2021-02-24,2021-06-13,681750,Full,3,16119.0,0.9763564356435643
15819,32309,2022-04-06,2022-07-01,250000,Full,1,1345.0,0.99462
16048,31474,2022-06-03,2022-08-03,193368,Full,2,25162.0,0.8698750568863514
28723,35752,2024-01-05,2024-02-22,125000,Full,2,2900.0,0.9768
19302,36818,2022-11-15,2023-01-25,285670,Full,3,4834.0,0.983078377148458
16163,31451,2022-05-15,2022-07-23,155792,Full,1,52762.0,0.6613304919379686
19315,36831,2022-11-15,2023-02-09,285714,Full,3,6630.0,0.9767949767949768
14095,2,2022-01-25,2022-04-04,84000,Full,1,2940.0,0.965
26241,44486,2023-09-30,2023-12-25,499800,Full,3,375.0,0.9992496998799519
15497,31458,2022-05-11,2022-07-22,190068,Full,1,18575.0,0.9022718185070606
23734,41858,2023-07-01,2023-09-19,277750,Full,2,26405.0,0.9049324932493249
19062,31458,2022-11-01,2023-02-01,281600,Full,3,427.0,0.9984836647727273
21684,38741,2023-04-06,2023-06-06,230826,Full,1,60160.0,0.7393707814544288
21866,39811,2023-04-13,2023-06-12,144000,Full,1,2200.0,0.9847222222222223
23741,41854,2023-07-02,2023-09-14,266000,Full,1,23886.0,0.910203007518797
25649,43909,2023-09-28,2023-12-02,42500,Full,1,544.0,0.9872
27703,38261,2023-11-30,2024-01-26,325000,Full,1,30103.0,0.9073753846153846
17475,32214,2022-07-28,2022-09-30,150000,Full,1,1328.0,0.9911466666666666
19529,37064,2022-12-04,2023-04-14,160000,Full,4,12894.0,0.9194125
24204,38741,2023-07-14,2023-10-26,296348,Full,2,878.0,0.9970372669969091
18611,31450,2022-10-17,2023-01-11,230490,Full,3,1974.0,0.9914356371209163
17044,34066,2022-04-12,2022-06-27,691488,Full,1,85763.0,0.8759732634550419
15772,32208,2022-04-25,2022-06-28,75000,Full,1,4940.0,0.9341333333333334
18614,32638,2022-10-16,2023-01-09,290400,Full,3,5023.0,0.9827031680440771
22689,40719,2023-05-28,2023-08-22,60000,Full,4,230.0,0.9961666666666666
27976,46160,2023-12-28,2024-03-13,117302,Full,2,3214.0,0.9726006376702869
16513,30610,2022-06-14,2022-08-28,200000,Full,1,6206.0,0.96897
17626,34311,2022-08-19,2022-10-09,84192,Full,1,4901.0,0.9417878183200304
24688,42867,2023-08-05,2023-12-04,253773,Full,5,21936.0,0.9135605442659385
10201,24020,2021-06-30,2021-09-25,60000,Full,3,3500.0,0.9416666666666667
15809,32260,2022-05-05,2022-07-06,75000,Full,1,6865.0,0.9084666666666666
23709,41767,2023-07-08,2023-11-17,164000,Full,3,7472.0,0.9544390243902439
24695,42844,2023-08-05,2023-11-27,232083,Full,4,25583.0,0.8897678847653641
18834,30610,2022-10-25,2023-01-15,190000,Full,2,42590.0,0.7758421052631579
17879,31246,2022-08-20,2022-10-17,179200,Full,1,2880.0,0.9839285714285715
15773,32257,2022-03-16,2022-07-17,200000,Full,4,2300.0,0.9885
17269,32354,2022-07-28,2022-09-30,150000,Full,1,6430.0,0.9571333333333334
27149,44517,2023-11-01,2024-01-11,70000,Full,1,5628.0,0.9196
25273,43477,2023-09-03,2023-10-17,72000,Full,1,3500.0,0.9513888888888888
25441,43462,2023-08-21,2023-10-21,51000,Full,1,981.0,0.980764705882353
25582,43818,2023-09-28,2023-11-30,25500,Full,1,1180.0,0.9537254901960784
24692,42841,2023-08-05,2023-12-04,247266,Full,5,26808.0,0.8915823445196671
20614,38365,2023-02-26,2023-05-13,240000,Full,2,52562.0,0.7809916666666666
16165,32638,2022-05-15,2022-07-22,164138,Full,1,54269.0,0.66936967673543
15005,31246,2022-03-30,2022-06-17,109620,Full,1,4417.0,0.9597062579821201
26255,44476,2023-09-23,2023-11-10,500400,Full,1,36071.0,0.9279156674660272
17751,20921,2022-07-19,2022-10-25,337456,Full,4,3153.0,0.9906565596700014
23316,38746,2023-06-12,2023-10-03,540302,Full,4,918.0,0.9983009502093274
14604,25793,2022-02-28,2022-06-10,301842,Full,4,1373.0,0.9954512625810855
24153,42343,2023-07-10,2023-09-17,100000,Full,2,6066.0,0.93934
28808,6740,2023-12-08,2024-04-01,1400000,Full,6,1309.0,0.999065
25353,24265,2023-09-06,2023-11-07,150000,Full,4,4320.0,0.9712
16332,12542,2022-05-08,2022-08-13,246000,Full,3,1130.0,0.9954065040650406
24169,40615,2023-06-13,2023-08-20,170000,Full,1,42.0,0.9997529411764706
10366,24265,2021-06-15,2021-09-04,80000,Full,3,376.0,0.9953
17589,24265,2022-08-06,2022-10-23,86342,Full,4,194.0,0.9977531213082856
18058,31257,2022-08-29,2022-10-29,484218,Full,2,1115.0,0.9976973181500894
15216,31332,2022-03-20,2022-07-04,1908,Full,1,46.0,0.9758909853249476
17721,18212,2022-08-13,2022-10-26,250000,Full,2,19131.0,0.923476
24086,39152,2023-08-01,2023-10-28,337995,Full,2,16157.0,0.9521975177147591
24763,42911,2023-07-17,2023-10-19,379288,Full,3,7417.0,0.980444938938221
12491,19637,2021-10-08,2022-01-05,150000,Full,4,15085.0,0.8994333333333333
23111,38740,2023-06-07,2023-08-23,284040,Full,2,5957.0,0.9790276017462329
20762,38462,2023-01-20,2023-03-18,500000,Full,2,10000.0,0.98
20948,38699,2023-02-17,2023-04-13,60000,Full,2,3815.0,0.9364166666666667
15869,32399,2022-04-28,2022-07-19,175000,Full,1,580.0,0.9966857142857143
24778,42833,2023-08-10,2023-11-14,236664,Full,4,15295.0,0.9353725112395632
25567,43128,2023-09-17,2023-12-29,167625,Full,6,50.0,0.9997017151379568
19308,36824,2022-11-16,2023-01-25,326099,Full,3,5695.0,0.9825359783378668
20941,38482,2023-02-17,2023-03-24,72000,Full,1,5670.0,0.92125
19323,36839,2022-11-16,2023-02-19,326192,Full,5,2706.0,0.9917042723304066
15513,31468,2022-04-18,2022-07-25,197470,Full,1,2413.0,0.9877804223426343
18677,33529,2022-10-10,2023-01-29,236833,Full,2,10240.0,0.9567627822136273
19483,13249,2022-11-29,2023-02-27,200000,Full,3,4458.0,0.97771
23737,41850,2023-07-02,2023-09-21,295400,Full,2,8028.0,0.9728232904536223
16330,12540,2022-05-08,2022-08-12,387000,Full,3,2240.0,0.9942118863049095
18606,31444,2022-10-17,2023-01-11,265950,Full,3,1256.0,0.9952773077646174
27880,24265,2023-12-02,2024-01-26,133640,Full,3,9092.0,0.9319664771026639
22174,37100,2023-05-03,2023-07-22,50000,Full,3,569.0,0.98862
27701,38259,2023-11-29,2024-01-08,325000,Full,1,30905.0,0.9049076923076923
24046,38259,2023-08-08,2023-10-22,325000,Full,1,4827.0,0.9851476923076923
16338,12551,2022-05-08,2022-07-30,283500,Full,2,18.0,0.9999365079365079
24772,42827,2023-08-10,2023-11-16,226284,Full,7,11517.0,0.9491037810892506
27148,44516,2023-11-01,2024-01-11,105000,Full,1,21653.0,0.7937809523809524
19305,36821,2022-11-16,2023-02-09,325728,Full,3,5321.0,0.9836642843108361
26059,44148,2023-10-02,2024-02-15,134551,Full,1,33087.0,0.754093243454155
18325,33291,2022-09-15,2022-11-05,125000,Full,1,7425.0,0.9406
26491,44617,2023-12-23,2024-03-31,375000,Full,3,14532.0,0.961248
17378,34459,2022-06-20,2022-08-11,170000,Full,1,8192.0,0.9518117647058824
20989,38760,2023-02-10,2023-06-06,305760,Full,1,51878.0,0.8303309785452643
27152,44586,2023-11-01,2024-01-10,112500,Full,1,37632.0,0.6654933333333333
27455,44088,2023-11-05,2024-02-27,90000,Full,3,1400.0,0.9844444444444445
20665,38259,2023-03-14,2023-06-13,325000,Full,3,13465.0,0.9585692307692307
27959,46139,2023-11-29,2024-02-01,100000,Full,2,6171.0,0.93829
20668,38262,2023-03-14,2023-07-02,325000,Full,4,10941.0,0.9663353846153846
26239,44490,2023-09-30,2023-12-23,499800,Full,3,2724.0,0.9945498199279712
11081,23703,2021-07-24,2021-10-04,115600,Full,1,1632.0,0.9858823529411764
18132,34430,2022-09-19,2022-10-26,112560,Full,1,125.0,0.9988894811656006
18613,32637,2022-10-17,2022-12-01,212760,Full,1,14290.0,0.9328351193833427
26177,38461,2023-10-05,2023-11-16,55000,Full,1,1376.0,0.9749818181818182
24545,41487,2023-08-05,2023-10-14,302400,Full,1,11066.0,0.9634060846560847
14094,1,2022-01-25,2022-04-13,84000,Full,2,10139.0,0.879297619047619
27413,41403,2023-12-21,2024-03-24,375000,Full,3,21909.0,0.941576
21716,38297,2023-04-08,2023-07-11,110000,Full,4,331.0,0.996990909090909
25578,43812,2023-09-18,2023-11-13,35500,Full,1,884.0,0.9750985915492958
20944,37100,2023-02-19,2023-04-21,75000,Full,1,4655.0,0.9379333333333333
16054,31480,2022-06-03,2022-07-24,177684,Full,1,20151.0,0.8865908016478693
24050,38262,2023-08-08,2023-10-19,325000,Full,1,31694.0,0.90248
19808,37346,2022-12-04,2023-04-18,160000,Full,5,5536.0,0.9654
22133,32199,2023-02-27,2023-06-06,180000,Full,4,250.0,0.9986111111111111
21019,24265,2023-02-25,2023-06-13,85000,Full,4,19.0,0.9997764705882353
23120,13249,2023-06-29,2023-10-21,199708,Full,2,4674.0,0.976595829911671
15791,32231,2022-03-02,2022-05-14,150000,Full,1,936.0,0.99376
16880,32231,2022-06-28,2022-08-29,130000,Full,1,7895.0,0.9392692307692307
16046,31472,2022-06-03,2022-08-12,193368,Full,2,15359.0,0.920571138968185
15662,32065,2022-03-26,2022-06-29,15000,Full,2,113.0,0.9924666666666667
20847,25578,2023-02-09,2023-04-05,282000,Full,1,14375.0,0.9490248226950355
15758,32216,2022-04-29,2022-07-25,100000,Full,3,361.0,0.99639
21731,38482,2023-04-09,2023-05-16,75000,Full,1,65.0,0.9991333333333333
15496,31457,2022-05-12,2022-07-23,187340,Full,1,17027.0,0.909111775381659
24044,38253,2023-08-08,2023-10-19,325000,Full,1,21169.0,0.9348646153846154
26252,44473,2023-09-25,2023-12-29,500800,Full,4,821.0,0.9983606230031948
16156,31444,2022-05-13,2022-07-24,172746,Full,1,53475.0,0.6904414573998818
15016,31257,2022-03-30,2022-06-17,262080,Full,1,408.0,0.9984432234432234
17735,20907,2022-07-20,2022-10-22,158600,Full,3,1238.0,0.9921941992433796
16708,13249,2022-06-30,2022-10-12,175000,Full,2,39.0,0.9997771428571428
19530,37065,2022-12-04,2023-04-14,160000,Full,4,9991.0,0.93755625
26240,44491,2023-09-30,2023-12-17,499800,Full,2,7331.0,0.9853321328531413
20663,38253,2023-03-13,2023-07-02,325000,Full,4,20878.0,0.93576
19303,36819,2022-11-15,2023-02-19,283096,Full,3,5905.0,0.9791413513437138
19367,31463,2022-11-18,2023-02-03,333400,Full,2,11167.0,0.966505698860228
27036,6904,2023-10-29,2023-12-29,70000,Full,2,32002.0,0.5428285714285714
14522,25962,2022-02-23,2022-04-24,252945,Full,1,192.0,0.9992409417066951
15508,31463,2022-04-19,2022-07-26,178178,Full,3,13066.0,0.9266688367811964
24768,42916,2023-07-29,2023-10-19,190290,Full,2,69418.0,0.6351989069315256
16325,32998,2022-05-30,2022-07-25,87000,Full,2,4310.0,0.9504597701149425
10203,24023,2021-06-30,2021-09-30,90000,Full,2,7500.0,0.9166666666666666
16331,12541,2022-05-08,2022-08-13,255000,Full,3,1390.0,0.9945490196078431
9106,21975,2021-04-08,2021-07-28,247500,Full,4,6477.0,0.973830303030303
18025,34776,2022-05-14,2022-08-03,260000,Full,1,5248.0,0.9798153846153846
26249,44480,2023-09-25,2023-12-14,499200,Full,1,28982.0,0.941943108974359
22134,40079,2023-04-07,2023-07-16,150000,Full,4,2555.0,0.9829666666666667
18610,31448,2022-10-17,2023-01-09,212760,Full,3,1687.0,0.9920708779845836
16469,32227,2022-06-07,2022-08-31,220000,Full,2,29550.0,0.8656818181818182
25217,43394,2023-07-20,2023-10-22,75000,Full,1,31917.0,0.5744400000000001
14630,12664,2022-02-19,2022-05-22,76000,Full,4,195.0,0.9974342105263158
16958,32215,2022-06-30,2022-09-29,380000,Full,3,7701.0,0.9797342105263158
13452,28948,2021-11-18,2022-02-17,131520,Full,3,4207.0,0.9680124695863747
19239,35566,2022-11-14,2023-02-12,210000,Full,2,16595.0,0.9209761904761905
19300,36816,2022-11-15,2023-01-25,285670,Full,3,4481.0,0.9843140686806455
19050,35913,2022-10-22,2023-01-09,387200,Full,1,1230.0,0.996823347107438
20152,37062,2023-01-11,2023-03-30,240000,Full,2,29826.0,0.875725
17742,20913,2022-07-19,2022-10-21,289302,Full,4,2808.0,0.9902938797519547
17719,25401,2022-08-13,2022-10-21,235000,Full,1,23100.0,0.9017021276595745
26057,44146,2023-10-02,2024-02-29,149502,Full,9,15246.0,0.8980214311514227
18901,35495,2022-10-15,2023-01-29,325080,Full,1,21386.0,0.9342131167712563
19299,36815,2022-11-15,2023-02-17,288043,Full,4,5355.0,0.9814090257357408
15221,31337,2022-03-20,2022-07-04,3815,Full,1,19.0,0.9950196592398427
16160,31448,2022-05-13,2022-07-22,157665,Full,1,73444.0,0.5341768940475058
24476,39810,2023-07-27,2023-10-06,100000,Full,1,37500.0,0.625
19064,31460,2022-11-01,2023-02-02,281600,Full,3,157.0,0.999442471590909
15499,31460,2022-05-11,2022-07-16,192764,Full,1,40396.0,0.790438048598286
19314,36830,2022-11-15,2023-01-24,283052,Full,4,7147.0,0.9747502225739441
12506,19652,2021-10-08,2022-01-05,100000,Full,4,6860.0,0.9314
24205,38743,2023-07-14,2023-09-20,278278,Full,1,8900.0,0.9680175939168745
21687,38743,2023-04-06,2023-06-10,228344,Full,1,31080.0,0.8638895701222716
25362,43578,2023-10-16,2024-01-31,221000,Full,3,6424.0,0.9709321266968326
24771,42826,2023-08-10,2023-11-13,226284,Full,3,24362.0,0.8923388308497286
27552,45697,2023-11-05,2024-02-13,100000,Full,2,1800.0,0.982
15868,32398,2022-04-28,2022-06-21,150000,Full,1,4981.0,0.9667933333333333
